company_name,incident_count,company_revenue_usd,employee_count,industry_primary,is_public_company,predicted_frequency_baseline,predicted_frequency_final,risk_score
DigitalSoft Ventures Co.,1,136009063315.17,237886,51,True,1.2852807092213199,1.2448020831117745,109.63321597190017
Calgary Innovations Holdings Inc.,2,120192837228.98,230435,51,False,1.2918261236352266,1.2442270274241363,109.58256920222165
Bremen Labs AG,1,148897991262.01,314341,51,True,1.272582543425649,1.237389429540517,108.9803627505503
HelixLink Ventures Ltd.,1,106153600299.59,268582,51,True,1.262269061485398,1.2296220885645988,108.296271213194
Summit Arc Ventures Inc.,1,145032446049.87,442549,51,True,1.2489290714502947,1.2226821066401665,107.68504751146276
Orbit Vanguard Mining Group Inc.,1,53031152845.64,87212,21,True,1.2420342779832423,1.2162145141355047,107.11542847282065
Crawford Analytics Holdings Inc.,2,21680753652.0,37562,51,False,1.2541121723839432,1.216003936899849,107.09688234418813
Raptor Digital Computing Group SA,1,24682839504.01,41179,51,True,1.2442865001018046,1.2144489926074096,106.95993403268535
LinkCloud Intelligence AG,1,55653360171.93,96689,51,True,1.2383514028140246,1.2141312393256969,106.93194860863086
Minneapolis Electric Group Inc.,1,28961677805.62,54205,22,False,1.2479623500014998,1.2134220166470027,106.86948537518973
Campbell Intelligence Group Inc.,1,14999380161.68,25904,51,True,1.2441487915876304,1.212310369496143,106.77157948811885
Graham Platforms AG,1,26044585897.11,47573,51,True,1.2383079053959152,1.2109756837116463,106.65402996209252
Genoa Group S.r.l.,2,34348692144.96,71320,52,False,1.2406459223604835,1.2096183007612407,106.53448143291078
LogicTrace Technologies Pty Ltd.,1,10402622113.45,19010,51,True,1.2420678807805217,1.209522441368579,106.52603882694056
SyncNet Dynamics Corp.,1,30158113950.05,57888,51,True,1.2345661749641519,1.2092622706773897,106.50312486337663
FundRisk Bank Technologies Ltd.,1,61550130971.46,123675,52,True,1.2287571764546834,1.2085862493746415,106.44358576837405
Tanaka Microsystems Group Inc.,1,33697665175.65,67893,51,True,1.2310544885689296,1.2075406521736818,106.35149708591791
Borealis Stream Robotics Holdings Inc.,1,90102527037.97,194609,51,True,1.2226709311713724,1.2063573835601131,106.24728329544944
Frontier Orbit Partners Inc.,1,84444966558.55,198753,52,False,1.2290268828288122,1.2061212490623154,106.22648626695252
Nakamura Technologies Corp.,1,45642240866.38,97390,51,True,1.226205565580713,1.2057723963223277,106.1957618262528
ScopeBit Systems Corp.,1,76208348830.0,170470,51,True,1.2211613229715215,1.204729242362046,106.10388832686594
AlgoChip Security Technologies Ltd.,1,24704211464.13,53106,51,True,1.2282476545404903,1.2045270625780882,106.08608178539201
Spartan Cobalt Enterprises Holdings Inc.,1,26776271623.11,57780,55,True,1.2276789372410104,1.2045038494286198,106.08403733811514
Portland Labs Group Inc.,1,46833914978.53,104246,51,True,1.2234521421993216,1.2041645248890827,106.05415207279276
Sheffield Partners Holdings PLC,1,67310223366.38,152569,52,True,1.2208404314011485,1.2040209190286042,106.04150430128733
Zimmer Partners Co.,2,32564940988.47,72577,52,True,1.2248540362930413,1.203550140616953,106.00004152420841
CloudWave Robotics GmbH,1,65935915028.17,155455,51,True,1.218467315460842,1.2024556966025104,105.9036507656835
Cedar Meridian Insurance GmbH,1,14937405850.61,33380,52,True,1.227868243468872,1.2022346715330925,105.88418446698473
Citadel Reserve Securities Holdings Inc.,1,64670227432.13,155015,52,True,1.2175146102690857,1.2017817562489006,105.84429494571668
Flint Paragon Holdings Ltd.,1,17981657375.23,41612,52,True,1.2249179121067946,1.2011634464743195,105.78983866710512
Talon Azure Services Corp.,1,15427119077.14,35742,52,True,1.2254699697187492,1.2008804361840202,105.76491315589367
Phoenix Capital Corp.,2,45081073096.65,109986,52,True,1.2178768422461517,1.200535008017388,105.7344903269886
Sierra Node Ventures SA,4,48578250641.23,121295,51,True,1.2161318809840134,1.1997512328129178,105.66546104319252
Archer Code Microsystems Group Inc.,1,10505074848.13,24844,51,True,1.2257484316433973,1.1994858017261854,105.64208378181723
Melbourne Advisory Pty Ltd.,2,33203239811.6,82705,52,True,1.2178244650386119,1.1992554949375704,105.62180001603745
CurrentTherm Electric Co.,1,23952647135.95,59575,22,True,1.2192414631175161,1.1988069248058906,105.5822931845562
Gibson Intelligence GmbH,1,16401216598.22,40503,51,True,1.2212256676585305,1.1984972761054242,105.55502155373698
Cleveland Networks Group Inc.,1,63591810387.16,170756,51,True,1.2105301129504331,1.1973478658216474,105.4537897614776
Patriot Nexus Partners Pte. Ltd.,1,33104092300.77,96384,52,False,1.2195189263147528,1.1963977780209454,105.37011286017754
Jerusalem Platforms Ltd.,1,55663502187.42,152658,51,True,1.2097586718188693,1.1963237307592138,105.36359130984623
Raptor Rock Resources AG,1,12026456785.13,31936,21,True,1.2179544949040524,1.1952049881275049,105.2650605038465
Miami Assurance Co.,1,47192712620.75,132545,52,True,1.2089502859282164,1.1951474022440403,105.25998875333735
Novak Systems Group Inc.,1,23049204977.6,69223,31-33,False,1.2190535229630741,1.1946384633352685,105.21516507408836
Talon Ore Mining Co.,1,1179299244.61,1530,21,False,1.234142304653027,1.1937983316138634,105.14117231354653
BitWire Innovations Corp.,2,24806189094.88,71369,51,True,1.210049817163838,1.193224327369129,105.09061814739795
Zenith Reserve Holdings Holdings PLC,2,34641785401.8,101770,52,True,1.2074139639939354,1.1929325628492553,105.06492162659819
Seoul Microsystems Co. Ltd.,1,68002071296.92,207422,51,True,1.2023918279538208,1.1925215296272136,105.02872077618584
Kestrel Equity Capital Ltd.,2,14394531572.24,41522,52,True,1.212082933112329,1.1922851099536014,105.00789863145394
Harbor Beacon Services Group Inc.,1,24618918248.75,72647,52,True,1.2085132006087187,1.1922349518793416,105.00348106896536
Timber Net Platforms Co.,1,32208739029.21,96399,51,True,1.2065577152545632,1.192102358376514,104.99180318673076
Palmer Bancorp Group Inc.,1,90376368110.43,282992,52,True,1.1996428874077711,1.1919477736949622,104.97818847961511
CompositeWeld Components Corp.,1,16685815544.26,48934,31-33,True,1.210462235208746,1.1918745263995907,104.97173738456813
MarketFresh Stores Corp.,2,108537488953.55,723769,44-45,True,1.2011130240670815,1.1916859997876215,104.95513331630147
Vanguard Forge Manufacturing PLC,1,11705036930.36,37301,31-33,False,1.2181052613485241,1.191304437620522,104.92152806447884
Azure Atlas Security Holdings Inc.,1,12182824266.71,37418,51,True,1.208868636348915,1.1896096568901942,104.77226396510603
Bravo Zephyr Engineering Holdings PLC,3,76762678830.76,254977,31-33,True,1.1966759685458082,1.1894222430083508,104.75575789810709
Epoch Maple Production Co.,2,44092046158.74,158435,31-33,False,1.2053102769465316,1.1887188757043987,104.69381036396659
Geneva Investments AG,1,92616296976.0,319504,52,True,1.1936140249590041,1.1882540981637806,104.6528761004553
FrameComposite Materials Inc.,1,10652138798.8,33917,31-33,True,1.2071814509778493,1.1880170463276785,104.63199827939724
Diamond Mantis Bank Holdings Inc.,1,69508995886.57,259400,52,False,1.2011560341632421,1.187961663969998,104.62712059959335
Talon Nexus Production Ltd.,1,20948174181.57,69190,31-33,True,1.202209818684196,1.187645978489907,104.59931729263594
Forge Shop Outlets Co.,1,107194946506.97,830594,44-45,True,1.1919716993470062,1.1858909519833518,104.44474717852705
Oxford Brands Ltd.,1,107564098873.85,833995,44-45,True,1.1919185018669447,1.185871326852342,104.44301873811416
Compass Mold Materials S.A.,2,13786299333.98,46925,31-33,True,1.2020347231549218,1.1858495255645038,104.44109863745685
Obsidian Forge Defense Ltd.,1,12991196393.67,44329,31-33,True,1.202119190628009,1.1856628830957485,104.42466051097539
LogicNet Labs DAC,1,64705218110.84,240295,51,True,1.190540951673929,1.1848733228171726,104.35512171945317
Raptor Ridge Analytics SA,1,43309433451.22,159649,51,True,1.1925863371210514,1.1845434972539333,104.32607305565492
PrecisionComponent Industrial Co.,1,25858844763.05,93737,31-33,True,1.1956615491492537,1.1843973001894503,104.31319706953441
Lindgren Robotics Group Inc.,1,2378005318.81,4073,51,False,1.2139118083683385,1.1842013076454465,104.29593545566247
Henderson Corp Holdings Inc.,1,7630918316.4,12613,21,True,1.200129658854632,1.1841946090553916,104.29534549202073
DrillOre Exploration Corp.,1,2928056783.07,4671,21,True,1.2061441251765497,1.184084768637232,104.28567153786375
GridTech Solutions Corp.,1,5554393390.17,9916,51,False,1.2079317034741595,1.1839157327773566,104.27078407488138
Lindgren Petroleum Inc.,1,1079372515.16,1664,21,True,1.2122545741232018,1.1838543348495978,104.26537658692364
Bordeaux Insurance SA,1,17651968152.39,65575,52,True,1.1956822862054113,1.1828746798506045,104.17909561941904
SaoPaulo Bank S.A.,1,30844588518.41,117599,52,True,1.1918772557330817,1.1827331182740035,104.1666278937369
SparkAmp Utilities Group Inc.,1,4016745635.85,6840,22,True,1.2008610096808319,1.1820705868702814,104.10827689203319
RiskCapital Investments Inc.,1,10698301197.94,43345,52,False,1.2035918473918734,1.1819451416247577,104.097228576898
Harrington Computing Corp.,1,2148030910.02,3589,51,True,1.2045288701120116,1.1818367864268462,104.08768543026011
Epoch Radiant Exploration Holdings PLC,1,11302476451.97,42664,21,True,1.1964793116925452,1.1815820302613451,104.06524833918236
Cedar Petro Petroleum Inc.,1,11916716679.17,49177,21,False,1.2020288776994146,1.1814069556750393,104.04982902860111
NetNet Networks AB,1,5328942978.77,9486,51,True,1.1970140568680137,1.1808075807005372,103.99704039101829
Liverpool Capital Group PLC,3,52421076107.85,234687,52,False,1.1911388137453438,1.1805529944659812,103.97461826623619
Jasper Arc Software GmbH,1,1509090594.41,2820,51,False,1.2103378692839601,1.1801697360619683,103.94086362206406
Maple Archer Corp Holdings Inc.,1,1287604953.41,2391,22,False,1.2113644582663339,1.1801661283644882,103.94054588201334
Nexus Trace Intelligence Group SA,2,5172099008.28,9362,51,True,1.1961095372408872,1.1801233039609498,103.93677421650467
Belfast Fabrication Group PLC,2,35664152045.95,146628,31-33,True,1.186711783163043,1.180070271447378,103.93210349407191
Citadel Care Labs Group Inc.,2,33549773898.69,137859,62,True,1.1869868195978934,1.179998185457242,103.925754678439
Blackwell Intelligence Group PLC,1,1098141026.04,1885,51,True,1.2055419590839895,1.1797727085629865,103.90589629502212
Clarity Vivo Labs Group Inc.,1,16461488261.24,67119,62,True,1.1902767828439706,1.179209498453882,103.85629279871796
Edmonton BioSciences Inc.,2,45648907853.35,196078,62,True,1.1830834281367755,1.1787750271213948,103.81802768808359
Eagle Atlas Technologies Corp.,2,1551319568.58,3017,51,False,1.2077580235886536,1.1786884710232688,103.81040444939507
Lambert Investments Co.,1,83698192457.46,370679,52,True,1.1788508631685746,1.178531015275825,103.79653687944182
VoltSpark Energy GmbH,1,12489302002.29,55736,22,False,1.1970374031674063,1.1784893744620302,103.79286945600643
Sendai Distribution Corp.,1,100621190908.54,952504,44-45,True,1.1800697113073206,1.178133729789759,103.76154683075272
ReserveCrest Bank Holdings Inc.,1,2995861446.37,6070,52,False,1.2026002182973718,1.1781336980290478,103.76154403349767
Chandra Electric Group Inc.,1,1024750621.53,1835,22,True,1.2032125461867986,1.178053335353299,103.75446626691453
Edinburgh Innovations Group PLC,1,1424161540.75,2589,51,True,1.2009762274950997,1.1779845927060466,103.74841190888048
Toulouse Capital SA,1,1199093241.74,2170,55,True,1.2019382562421113,1.177892682033351,103.7403170777692
Orlando Systems Holdings Inc.,3,6510445976.28,12617,51,True,1.191027726337304,1.1778700544675635,103.73832420449196
Edwards Group Inc.,1,57538090072.77,255968,52,True,1.180052171805789,1.177789718219218,103.73124876544449
Verdant Compass Systems Inc.,1,22233067823.11,95344,31-33,True,1.1860195062336325,1.1777420917978272,103.7270541727352
SaveSave Commerce Corp.,1,118110131055.27,1136850,44-45,True,1.178434585960836,1.1777420399412128,103.7270496055775
Takahashi BioSciences Co.,1,44530914692.85,198010,62,True,1.1810881597859115,1.1774179437709813,103.69850554551469
Maple Zephyr Energy Group Inc.,1,6696493391.97,13347,22,True,1.1892068942802736,1.1768433819116517,103.64790226868242
Spartan Node Technologies AG,1,2940335850.68,5675,51,True,1.1944289719172954,1.1768137246273054,103.64529026834599
Cobalt Transit Logistics Holdings Inc.,1,23870479407.89,107358,48-49,True,1.1828534253203078,1.176036367714164,103.5768262614955
Johansson Fabrication Co.,1,52582685195.12,245348,31-33,True,1.1775294485529089,1.1758365491973313,103.55922768344979
Yamamoto Financial Corp.,1,89753862515.15,438141,52,True,1.1727203591096758,1.174929433991232,103.4793354992617
Lambert Bank Ltd.,1,6912460611.56,14629,52,True,1.1854381864341386,1.1746096266733677,103.45116917047376
Archer Ledger Investments N.V.,1,64782461551.04,317509,52,True,1.173754031334789,1.1742827326983638,103.42237869988593
Vancouver Bancorp Corp.,1,6162617575.17,13148,52,True,1.1854004565330742,1.174127781863859,103.40873174465122
Sable Grid Electric Co.,1,2776934893.06,6239,22,False,1.196560172054196,1.1740846339699191,103.40493158843425
Atlanta Therapeutics Corp.,1,12193458596.34,56828,62,True,1.1833444063920393,1.173663099933238,103.36780590178097
Irving Analytics Inc.,1,1094187961.68,2208,51,True,1.1956234788215632,1.1736093140733506,103.36306883002212
Santos Services Group PLC,1,4527931829.25,9697,52,True,1.1863866355575896,1.1735157920256134,103.35483208058474
Kowalski Electric Holdings Inc.,1,20438774030.52,97775,22,True,1.1797339680981298,1.1734545796777243,103.34944093716739
Everest Summit Networks Holdings Inc.,2,1884204473.27,4240,51,False,1.1980049243869253,1.173433670051299,103.3475993676353
Guardian Orbit Bancorp Pvt. Ltd.,1,37139009978.7,182120,52,True,1.1758991192070702,1.1734192671486572,103.34633086354343
Austin Biotech Corp.,1,38327097466.96,189223,62,True,1.175368512449007,1.1732098450382489,103.32788647003608
Jensen Medical Holdings Inc.,1,18449403111.11,88986,62,True,1.1796405305078872,1.1729875692431373,103.30831001641234
LinkSignal Labs Group Ltd.,2,2346673709.12,5401,51,False,1.195753430833338,1.1729127135572843,103.30171726589788
StLouis Power Holdings Inc.,1,1589014590.37,3331,22,True,1.191823261429528,1.1727342516936619,103.28599962828888
Gallagher Bank Inc.,1,4256767662.67,10084,52,False,1.1916287745424832,1.1727225664215746,103.2849704735535
Detroit Labs Holdings Inc.,1,5993346466.35,13309,51,True,1.1830851260183322,1.1725656802961293,103.27115307180965
MarketWealth Securities Inc.,1,16435381465.2,79862,52,True,1.1796469147081028,1.1725309355090323,103.26809300081572
Vertex Vista Technologies Pvt. Ltd.,1,8402494685.27,18988,51,True,1.1806989103184813,1.1724144550617364,103.25783424064161
Henderson Holdings SA,1,3331142041.31,7270,52,True,1.1864506306294136,1.172332443050168,103.25061121242005
InfracoreCharge Electric S.r.l.,1,1697906622.12,3950,22,False,1.1963813619514443,1.1720128335814546,103.22246230876257
WealthSecura Holdings Group Inc.,1,2602619344.67,6189,52,False,1.1933461128836051,1.1718306556250364,103.20641738442298
VitalRemedy Pharmaceuticals Corp.,1,23517959903.71,128511,62,False,1.1822043787790866,1.1717483638807333,103.19916971935375
Crawford Defense Corp.,1,22486315765.24,113755,31-33,True,1.175990131110845,1.171477677488969,103.17532960850274
ArcTech Labs AG,1,3161824539.25,7657,51,False,1.1914636488445225,1.1714355293228202,103.17161750112045
Ember Signal Microsystems S.r.l.,1,2449257326.29,5425,51,True,1.1867649918493406,1.1713042847188107,103.16005842019365
SparkAmp Power Corp.,1,1883762059.25,4166,22,True,1.1878936966392954,1.1709638254121253,103.13007321274111
Delhi BioSciences Holdings Ltd.,1,19776565178.07,111872,62,False,1.180793849390109,1.170174700371879,103.0605727538811
Baltic Endeavor Bank Pty Ltd.,1,5170052773.78,12163,52,True,1.1801759764732436,1.1701533823257972,103.05869521368263
Baltic Scope Communications Ltd.,1,3393197926.28,8648,51,False,1.1880747344571103,1.1696074917591057,103.01061709812748
Pacific Value Retail Co.,2,71797826947.64,403559,44-45,True,1.165155726257212,1.1692426254581176,102.97848229813013
Harbor Beacon Outlets Group Inc.,1,15995150001.01,91967,44-45,False,1.1806442399698598,1.169237486088488,102.97802965941092
Indigo Jasper Investments Holdings Co. Ltd.,1,1613857548.99,4068,52,False,1.1916833860728515,1.1688979500155094,102.94812576374419
Victoria Group Corp.,1,2353883354.47,5568,52,True,1.182936555348382,1.168755039067826,102.93553919516056
TreasuryAsset Insurance Group Inc.,1,8448823347.33,22989,52,False,1.180515771670481,1.168511529266964,102.9140926030064
Prism Raptor Bank Group Inc.,1,3791159925.65,9998,52,False,1.1855629868303221,1.1684830453783195,102.91158394692535
Newcastle Advisory Group Ltd.,1,8704124541.26,21925,52,True,1.1740213933667178,1.1683559551551488,102.90039075398822
SelectShop Trading PLC,1,44649671470.17,252526,44-45,True,1.1666302535533133,1.168291157675196,102.89468385791977
Anderson Materials Co.,1,12874325027.68,70103,31-33,True,1.1737478292111856,1.1678491699544986,102.85575675786302
AuraCure Genomics Co.,1,33628326754.3,190869,62,True,1.1675199426629608,1.1677292838205648,102.84519804930052
Ironwood Lumen Platforms Co.,2,4072304774.14,10158,51,True,1.1775810031790552,1.1675779508652413,102.83186973084753
GoodsLuxe Distribution Group Inc.,1,37875029758.85,220548,44-45,True,1.1655296128457997,1.1669411694127232,102.77578659967514
ProvidentFund Holdings Corp.,1,7745461210.59,20251,52,True,1.172240033383737,1.1667715769799016,102.76085011775005
Lambert Bank Pty Ltd.,1,2476725739.24,6223,52,True,1.1790908571667653,1.166551848456746,102.74149800952246
Tampa Trading Holdings Inc.,1,1429714841.91,3839,42,False,1.1883135449552251,1.1663258276282338,102.72159172028772
Okonkwo MedTech Ltd.,1,11221957962.99,63452,62,True,1.1720228753478847,1.1662187988546517,102.71216539556629
SolarFlux Services Holdings Inc.,1,2425137971.27,6169,22,True,1.1784294873163996,1.1660545101577395,102.69769602856033
LandRealty Group Co.,1,9251385781.66,24935,53,True,1.1697260809180834,1.1658918453132385,102.68336967879745
Harrington Stores Group PLC,1,63514125551.35,388347,44-45,True,1.1606221482963492,1.1658770881993865,102.68206997832941
Chicago Logistics Inc.,1,10701624581.02,61054,48-49,True,1.171671354826326,1.1658094489680821,102.67611280123725
DealGoods Markets Inc.,2,41230128927.45,249302,44-45,True,1.1629562649936678,1.1656469350716154,102.66179974589176
Haifa Therapeutics Ltd.,2,18764843673.93,109966,62,True,1.1678783918679336,1.165643075131126,102.66145979009069
Redwood Ore Petroleum SA,1,8362619754.24,22615,21,True,1.1699192563151246,1.1656135240362346,102.65885714215783
Gutierrez Components Ltd.,1,36465784853.4,219847,31-33,True,1.1636068696567263,1.1655729358116798,102.65528242321342
SignalProto Labs Holdings Co. Ltd.,2,1679705893.91,4652,51,False,1.1857998253874407,1.1654025756634303,102.64027832643417
MarketEquity Assurance Inc.,1,9692810402.41,26531,52,True,1.1686215964369127,1.165379949090979,102.63828554064283
Canberra Engineering Ltd.,1,3969936428.64,11393,31-33,False,1.180265346888257,1.165360100288841,102.63653740088543
Catalyst Grid Power Co.,1,5013994594.87,14578,22,False,1.1785629410366727,1.1652206645561387,102.6242569042467
Turner Stores Group PLC,1,56223497136.58,348780,44-45,True,1.160234167305817,1.1651477218646615,102.61783263652029
Paladin Power Energy PLC,1,3246750670.29,8569,22,True,1.1750700229163147,1.1651052653703875,102.61409337381396
Campbell Wholesale Group Inc.,1,2708171029.81,7140,42,True,1.1758422659846437,1.1648713730150124,102.59349381709815
Archer Commerce Bank Inc.,1,2952266333.94,7820,52,True,1.175224096334098,1.1648254961258098,102.58945331060293
Sequoia Crown Financial Corp.,2,6486016176.02,17810,52,True,1.169994578750106,1.1646548751565007,102.57442624258033
Takahashi Sciences Holdings Inc.,2,10092452867.3,64897,62,False,1.1757067112210613,1.164318808937103,102.54482794666491
Tanaka Analytics Inc.,1,9405958488.3,26483,51,True,1.167051474924052,1.1642704466675067,102.54056854573726
Austin Distribution Holdings Inc.,1,2208814271.53,6451,42,False,1.1815078356035882,1.1638150702921415,102.50046226925664
MarketPrime Brands Ltd.,2,11344815560.44,76078,44-45,False,1.1727268061628613,1.1629134281356897,102.42105211192421
Sequoia Lynx Corp PLC,1,2196148600.08,6144,22,True,1.1730950032555407,1.162321110677527,102.36888504962917
Cedar Peregrine Investments Holdings Inc.,1,2248394836.79,6851,52,False,1.1788781327479139,1.1622460643394588,102.36227550783859
Atlas Element MedTech S.p.A.,1,10118710778.4,63912,62,True,1.1658039677115926,1.1618921234055635,102.33110293560925
Pinnacle Zenith Platforms Co. Ltd.,1,3796151629.14,11969,51,False,1.1747723929540619,1.1617498270790825,102.31857049844133
Arrow Phoenix Stores Group PLC,1,28044413739.67,186063,44-45,True,1.1589334850297686,1.1615727820664161,102.30297764687582
Turin Construction S.r.l.,1,16660212359.12,118197,23,False,1.1678561324869248,1.161371420054326,102.28524312886726
BeloHorizonte Advisory Ltda.,1,2434679131.7,7205,52,True,1.1693268187755552,1.1603645686915127,102.19656690120948
Cardiff Authority Holdings PLC,1,44414040152.3,338931,92,False,1.159714155818358,1.1601021532086948,102.17345523254147
Mantis Secura Bancorp Group SA,1,5217618618.47,16044,52,True,1.164081170987906,1.1600699326504853,102.17061747747596
Okonkwo Components Holdings Inc.,1,13099685464.18,87835,31-33,True,1.1612463106529245,1.1600341674511465,102.16746753590967
Keller Services Ltd.,1,15913743942.25,116861,92,False,1.1659759064650521,1.160007660451465,102.16513298999249
Fitzgerald Corp Group PLC,1,1256307966.58,3972,21,False,1.1789301818070248,1.1599820960249223,102.16288145913919
Citadel Condor Bank Ltd.,1,1810191789.02,5353,52,True,1.1705228106600867,1.159946370895548,102.15973504664721
DistrictState Services PLC,1,49691566427.84,383126,92,False,1.1586704885386305,1.1598841026998608,102.15425091174852
Quantum Asset Assurance Group Inc.,1,1343769307.79,3940,52,True,1.172191953586261,1.1598175121593783,102.14838609580275
MarketValue Commerce Ltd.,1,18050798790.53,123352,44-45,True,1.1588811944417747,1.159801940362589,102.14701464392004
Tampa Stores Corp.,1,87951155953.4,641527,44-45,True,1.14894508728412,1.1597257651077595,102.14030567525927
Aldridge Department Inc.,1,44037690502.25,341000,92,False,1.1588811910930106,1.1595414968123456,102.12407664889278
Keystone Timber Partners Corp.,1,3104249606.36,10308,52,False,1.1724463679181083,1.1595012592972151,102.12053281791249
Detroit Authority Corp.,1,20091281425.11,151663,92,False,1.1634285654868908,1.1593218847519273,102.10473479786562
Kestrel Pulse Pharmaceuticals Group Inc.,1,19179621224.81,133718,62,True,1.1574600704167128,1.1591410021985122,102.08880396330713
Philadelphia Industries Group Inc.,1,4203126400.85,13247,31-33,True,1.1634505938333761,1.1588207252621892,102.06059627390245
Redwood Noble Consulting Corp.,1,3670449874.62,12579,54,False,1.169902213042024,1.1585685098546417,102.03838295451438
Nakamura Materials Corp.,1,9204366431.99,30196,31-33,True,1.15804185735395,1.1584917303393232,102.03162076693506
Talon Arc Computing AG,1,1247982077.15,3789,51,True,1.1703897989818852,1.1583981768033658,102.02338124424169
Sullivan Services Ltd.,1,19254012202.29,149434,92,False,1.161941821946084,1.158217027911874,102.00742695254068
Crown Mineral Energy Inc.,1,8659396600.17,28672,21,True,1.1577293927022951,1.1580538069570239,101.9930516245773
Anderson Securities Inc.,3,4681402229.24,16493,52,False,1.1673046836371752,1.1578975329315122,101.97928813219393
Brooks Consulting Co.,1,4675299195.72,16667,54,False,1.1666052361644947,1.157453493090783,101.94018029616178
Nexus Harbor Works Corp.,2,16673010962.01,121823,31-33,True,1.1552247827110855,1.1571737033640348,101.91553842902847
Vista Dynamic Production Ltd.,1,2524223733.14,8881,31-33,False,1.1697865672245344,1.1570232419363218,101.9022868684602
Eclipse Source Distribution Corp.,1,3092611876.88,10975,42,False,1.1684812231976074,1.1570045412167382,101.9006398435582
Ridge Granite Pharmaceuticals Group N.V.,1,28970794798.33,217683,62,True,1.1514519094692433,1.1569517455301446,101.8959899791426
Atlanta Engineering Corp.,1,5440226346.48,18223,31-33,True,1.1588345127776225,1.1569241514991346,101.89355969532296
Belfast Advisory Ltd.,1,6350774936.77,21535,54,True,1.157512777378412,1.1566974056155161,101.87358954844841
Atlanta Stores Group Inc.,1,37395064852.85,286773,44-45,True,1.149273214328652,1.1565692725543502,101.86230450983984
BulkDirect Wholesale Ltda.,1,9760630250.54,33834,42,True,1.1545573173912698,1.1565161277317897,101.85762389603896
LinkData Software Co.,1,2226533006.73,7280,51,True,1.163721525705968,1.1564918337869143,101.85548426007477
Paladin Logic Microsystems Corp.,1,1167460171.32,4057,51,False,1.1735289439406105,1.1563294619484437,101.841183716176
Singapore Sciences Pte. Ltd.,1,18658919650.92,143972,62,True,1.1515750896489263,1.1553015832744793,101.75065555416174
Frankfurt Holdings GmbH,1,6361471497.37,22441,52,True,1.1551676203350874,1.1552211060675,101.74356770049144
Tempest Epoch Microsystems GmbH,2,929323723.62,1576,51,False,1.1699371592535772,1.1550609833285703,101.72946524110674
Graham Fabrication Corp.,2,1799515221.63,6072,31-33,True,1.1626707600806194,1.1549952362920095,101.72367471492063
Baltic National Administration Co.,1,28422988766.02,245320,92,False,1.1541450962478164,1.1548223659230494,101.70844953595244
Harbor Eclipse Sciences Inc.,1,22271909259.46,175683,62,True,1.1495980982860787,1.1547409274400005,101.70127701999859
Ahmedabad Administration Pvt. Ltd.,1,20113020466.87,172312,92,False,1.155914199268471,1.154584154751203,101.68746960893893
GuarantyBond Group Group Inc.,1,5717804132.62,20475,52,True,1.1546918304049936,1.154501557529969,101.68019503965834
Baltimore Corp Inc.,1,4527797543.76,16075,22,True,1.1560968149397968,1.1544741559592553,101.67778170635758
SubsurfaceStrata Petroleum Corp.,1,89114979.46,140,21,False,1.1833384961829436,1.1541808476823725,101.65194922254179
Vertex Depth Resources SE,1,904129536.87,1445,21,True,1.1626564271795095,1.1541523057729528,101.64943545640813
Phoenix Harbor Group SAS,1,5652901587.08,20468,54,True,1.1540815925043284,1.1540708175604142,101.6422585606384
Lindgren BioSciences Corp.,1,46519235994.21,384763,62,True,1.144003327462293,1.1540677308317286,101.64198670377277
Aldridge Office Group Inc.,1,15750972821.63,136214,92,False,1.156300155433727,1.1538690899819106,101.624491846169
Victoria Advisory Corp.,1,2811050843.7,10856,52,False,1.1638064189060788,1.1537001652614371,101.60961417154593
Zimmer Insurance Pty Ltd.,1,1288786592.98,4831,52,False,1.1686072175729219,1.153647061071952,101.60493713641414
Zenith Epoch Corp Inc.,1,422637191.46,721,22,False,1.1726099398555925,1.1536365265923552,101.60400933520583
Philadelphia Biotech Corp.,1,25314253084.95,207685,62,True,1.1467995574468253,1.1534637727896104,101.58879442255167
Aldridge Security Holdings Co. Ltd.,1,561014195.46,973,51,False,1.1705363998518539,1.153455306242327,101.58804874995081
Sierra Diamond Group Group Inc.,1,3339458178.45,12117,54,True,1.155979846961177,1.1532067387784075,101.56615671520474
MatrixByte Microsystems Inc.,1,4081108010.21,16249,51,False,1.1605512906665048,1.1531178481690563,101.55832786955523
Delta Net Platforms Inc.,2,485962113.37,847,51,False,1.17079173745236,1.1530516255967924,101.55249546160401
Indigo Spark Energy PLC,1,403318504.48,699,22,False,1.1718423235577413,1.1529754623831252,101.54578755344225
MatrixPress Components Group Inc.,2,13828316574.01,112233,31-33,True,1.1497459918243085,1.1529661520810752,101.5449675689891
Polaris Drill Mining Inc.,1,368847119.57,638,21,False,1.172300925149793,1.1529107893821728,101.54009162058904
Vertex Thera Labs Inc.,2,12362150212.23,100161,62,True,1.1502763600831918,1.1528633993304411,101.53591784561957
Barrett Labs Pty Ltd.,1,23784797536.89,198045,62,True,1.1461696912860169,1.1528188513196127,101.53199437717544
Onyx Quantum Administration Corp.,1,11134120153.96,98373,92,False,1.1563680771223053,1.1525526311052998,101.50854761511758
BazaarGoods Distribution Co.,2,26792083199.11,227768,44-45,True,1.1444981350230088,1.1522211617426723,101.47935417728998
Horizon Raven Group Group PLC,2,1610127531.42,6399,52,False,1.1642553010346157,1.1517986160183937,101.44213938846825
TrustFinance Group S.r.l.,1,1015217354.75,3651,52,True,1.1610905000686118,1.1517596077824872,101.43870382356211
MetroCivic Department Group PLC,1,15370303302.14,140613,92,False,1.1530708130812317,1.151733910966684,101.43644063281478
Osprey Vista Engineering Holdings PLC,1,5138150736.68,19773,31-33,True,1.1508548307916378,1.1516550566190396,101.42949570892455
Azure Public Agency Holdings Inc.,1,50517637701.42,486842,92,False,1.145456308962918,1.1515637814692337,101.42145685009929
Trident Care BioSciences Corp.,1,41612340786.18,369057,62,True,1.1403483681491162,1.1512979664319236,101.39804577311816
Delta Reserve Investments Inc.,1,5757155731.58,22669,52,True,1.149070260365445,1.1509699302127039,101.3691547018738
Ember Mantis Solutions SA,1,67356970.38,114,51,False,1.1798393733620818,1.1509256472656497,101.3652545783408
VectorWire Security Ltd.,2,901886399.41,1575,51,True,1.1574085265488545,1.1508446430815755,101.35812031231752
Silver Onyx Properties Group PLC,1,9098707244.55,36890,53,True,1.1456049533657056,1.1505611301665637,101.33315053353581
Apex Oncus Biotech Co.,1,22196304197.85,196803,62,True,1.1427537638712633,1.1503742046807675,101.3166874809486
CompositeForge Products Ltd.,1,5939133834.19,23797,31-33,True,1.1479263573366283,1.1503666784966524,101.31602462877336
Archer Lynx Group S.A.,1,2262192552.81,8823,54,True,1.1532085513503505,1.1499343718747435,101.27795017028005
Granite Hawk Labs Group Inc.,2,8315859874.51,34182,62,True,1.1451435373347456,1.1499163909552148,101.27636654019074
Flynn Communications Inc.,1,349262653.37,654,51,False,1.16776653258035,1.1498748603375373,101.27270882203693
Walsh Labs Group Inc.,1,47043518396.06,438475,62,True,1.1369888508800199,1.149630504914463,101.25118775355926
SparkWatt Services Group Inc.,1,80728902.39,143,22,False,1.176488847300346,1.1495643278068732,101.2453593498096
WattAmp Power Group Inc.,1,901813938.03,1776,22,False,1.1611406225171923,1.1494426150580261,101.23463976614092
Coleman Sciences Holdings Inc.,1,3051445901.36,12216,62,True,1.1505237542197206,1.1494085296001002,101.23163776411906
Ridge Mantis MedTech Inc.,3,17719168176.26,159863,62,True,1.1425940670086547,1.1493923287333048,101.23021090827393
Clarke Microsystems Ltd.,1,73888629.89,131,51,False,1.1767439007700646,1.1493761201733654,101.22878337487202
Nelson Computing Inc.,1,134419409.61,245,51,False,1.1729522633349816,1.1493668674545723,101.22796846193802
Sullivan Investments Ltd.,1,1345793728.82,5226,52,True,1.1554583922316015,1.1493228870287877,101.224094982303
Phoenix Communications Corp.,2,156256264.57,268,51,True,1.1650759871809826,1.1487978756648018,101.17785575677753
Radiant Talon Group Corp.,1,2051015499.75,8228,71,True,1.1519222755761995,1.1487403055642333,101.17278539631238
Spectrum Harbor Services Holdings Inc.,1,86121642.08,157,22,False,1.174544405321164,1.1486145324437005,101.16170820430419
Singapore Sciences Ltd.,1,2548232691.27,10353,62,True,1.1503453676990218,1.1485922247735463,101.1597435051339
Fox Link Computing SA,1,190618846.06,332,51,True,1.1634323138900522,1.1485479689718145,101.15584577236572
Brooks Shipping Co.,1,1256819153.77,5418,48-49,False,1.1603764345533012,1.1484027475824772,101.14305571669587
Silver Flint Freight Corp.,1,4437490769.88,20236,48-49,False,1.152199472006566,1.148188479492662,101.12418452417032
Edmonton Markets Holdings Inc.,1,63310159137.81,621479,44-45,True,1.132856669021131,1.148143931363853,101.12026104533531
FluxAmp Corp Corp.,1,291598506.99,573,22,False,1.1655758784858385,1.1478059562874823,101.09049463102448
AeroShip Airlines Ltd.,1,5618788970.24,24110,48-49,True,1.1441202666252672,1.1477363334347574,101.08436275082207
Dynamo Ridge Diagnostics Corp.,1,8123110317.32,35373,62,True,1.1418567071655137,1.1477361188631952,101.08434385290188
ChargeSpark Corp Holdings Ltd.,1,3417426224.12,15689,22,False,1.1528062074088479,1.1475519223542374,101.06812114897022
Aldridge Diagnostics Group PLC,1,1541488785.37,6877,62,False,1.1575571295186358,1.1474327961836346,101.0576293725129
Keller MedTech AG,1,4343838652.95,18666,62,True,1.1450165571406798,1.1473012338536763,101.04604230856935
Epoch Clarity Software Inc.,1,73532482.38,139,51,False,1.1729351163433004,1.1470027219481636,101.01975152656371
Sendai Department Corp.,1,21254128189.95,223822,92,False,1.1435626533624392,1.1469799943025258,101.01774983897293
Phoenix Development Group Inc.,1,465936796.14,961,53,False,1.1609201986806668,1.146728582078411,100.99560725820584
Osprey Subsurface Mining Pvt. Ltd.,1,84708620.41,163,21,False,1.171379097743967,1.1465911332137917,100.98350175062005
GridInfracore Utilities Corp.,1,9568126199.39,43459,22,True,1.1387761166950188,1.1464141338788356,100.96791292201878
Spartan Cloud Microsystems Inc.,1,544784971.3,1146,51,False,1.159155762401219,1.1462346132800822,100.95210203863296
Lantern Atlas Resources Pte. Ltd.,1,303069576.11,624,21,False,1.1626541821976502,1.1461354707263132,100.94337027544198
PathOncus Medical Co. Ltd.,2,22433274090.19,223257,62,True,1.1359797676634789,1.146097475067443,100.94002389103966
Cascade Digital Communications Co.,1,555407386.86,1178,51,False,1.1585946217388612,1.1459587886083276,100.92780938503032
Gutierrez Ventures Holdings Inc.,1,258293336.6,532,51,False,1.1632355006646262,1.1458752854070597,100.92045502354337
Polaris Noble Logistics Holdings Inc.,1,1206339366.45,5128,48-49,True,1.150541107708465,1.1458006245970902,100.91387943629533
Baltimore Electric Group Inc.,1,210022066.51,431,22,False,1.1642286234387884,1.1456883173734387,100.9039882236497
Tempest Helix Systems Co.,2,355100349.1,754,51,False,1.160227044910691,1.145237841422634,100.8643135413249
CureGene MedTech S.p.A.,1,10479371785.27,103959,62,True,1.1390486710803185,1.145089588502137,100.85125649019055
Walsh Media Group PLC,1,1116294875.78,4834,71,True,1.149746801187348,1.1449983431420063,100.84322025502566
Glacier Frontier Industrial Ltd.,1,1263236424.34,5511,31-33,True,1.1488391996251364,1.144907528331342,100.83522193956162
Borealis Paladin Services Pte. Ltd.,1,6389009384.27,30132,54,True,1.1381148083063062,1.144421416707582,100.79240872342294
Cincinnati Solutions Inc.,1,163745893.53,345,51,False,1.1635907687609874,1.1443230227711247,100.78374289306143
Campbell Sciences GmbH,1,11603672378.16,118107,62,True,1.1371668587635289,1.1442887916813667,100.78072806483505
Sterling Credit Partners Group PLC,1,235673872.9,506,52,False,1.1611142028947532,1.1441966946250455,100.77261681839434
CommerceTreasury Investments PLC,1,1182334241.89,5255,52,True,1.1479976304578283,1.1441196146845567,100.7658281715264
Santos Health Holdings Inc.,2,5382900489.03,25560,62,True,1.1383683993443205,1.1439164671964384,100.74793640162885
Granite Paragon Services Holdings Inc.,2,500258732.06,1120,52,False,1.155792417684534,1.143798324555365,100.73753124737983
Wolverine Risk Bancorp Co.,1,307240029.02,621,52,True,1.1528534522877938,1.1437847272578647,100.73633369519565
Ironwood Prism MedTech Inc.,1,1491327551.03,6766,62,True,1.145906959028977,1.143703156417199,100.72914952213472
GridByte Platforms Co.,1,108421009.9,231,51,False,1.1644390685899173,1.1432478786435134,100.68905192978099
Pittsburgh Works Inc.,1,6795850282.82,33318,31-33,True,1.1356254850709027,1.1430772203280521,100.67402157257786
InsightConsult Consulting S.p.A.,1,3233430449.19,16775,54,False,1.1458274306231322,1.1429378497872165,100.66174681756993
RiskCredit Partners Corp.,1,421568969.82,885,52,True,1.1494362927598067,1.142866959361465,100.65550329865059
Marshall Security Corp.,1,35607446.26,67,51,True,1.1646301843365974,1.1427625151761756,100.6463046058799
Yamamoto Defense Group Inc.,1,1808819785.43,9228,31-33,False,1.1490294250184239,1.1426994265565829,100.64074821394338
Phoenix Prism Ventures B.V.,1,466255284.86,988,51,True,1.148508263983754,1.1426743373091046,100.63853853344501
Phoenix Insurance Group Inc.,1,106284239.18,230,52,False,1.1635879521182708,1.1426419560717875,100.63568662691918
Okonkwo Retail Holdings PLC,2,20153961059.2,219647,44-45,True,1.13111514629882,1.142574512777022,100.62974670650837
Citadel Capital Securities Ltd.,1,357734333.32,817,52,False,1.155887350924796,1.1425551145659327,100.6280382515703
Coleman Rail SA,1,8988470795.46,45206,48-49,True,1.133089315010588,1.142546914652247,100.62731606213933
Maple Weld Industrial Co.,1,4274722396.02,20881,31-33,True,1.1375924934712631,1.1425279777972106,100.62564824012475
NetCore Innovations Corp.,1,490565198.96,1138,51,False,1.1537701951063408,1.142456098006217,100.6193175850295
FabriAlloy Industrial Corp.,1,5335313583.91,28617,31-33,False,1.1419714196836919,1.1424458911422253,100.6184186378478
Quinn Group Co.,1,1055613343.53,4905,71,True,1.1458216225588191,1.142307252954384,100.60620838322518
Delta Precision Works Holdings Inc.,1,2758047547.33,14507,31-33,False,1.1456268474921794,1.1421939414999762,100.59622872515605
Sacramento Holdings Holdings Inc.,1,93250725.47,189,52,True,1.1570602916555746,1.1417876430076241,100.56044487568681
Eagle Neuro Diagnostics Corp.,1,3622725612.6,17990,62,True,1.13726044340904,1.1416748332848106,100.5505094065285
Herzliya Ventures Ltd.,1,331428689.74,774,51,False,1.1548582311306497,1.141615239638716,100.54526082672494
HelixCyber Systems AG,1,154561048.1,322,51,True,1.1536185095159242,1.1415965714612286,100.54361666789677
Zenith Equity Investments SA,2,479790920.29,1140,52,False,1.1524416297262068,1.1415376510063937,100.53842737793839
Edmonton Shipping Inc.,1,1057590862.74,5473,48-49,False,1.150240702322357,1.1413778908042014,100.52435684818246
Zimmer Shipping SE,1,1338435671.13,7025,48-49,False,1.1485099403510926,1.1412041369424681,100.50905385752411
Novak Power GmbH,1,486061480.5,1169,22,False,1.1516776902300003,1.1411092913381446,100.50070053874045
Bravo Spark Energy Holdings Inc.,1,140534401.47,296,22,True,1.153321952183541,1.1410420074887173,100.49477466112846
Tempest Condor Builders SE,1,7482448638.74,38948,23,True,1.1317885427977703,1.1410058708529995,100.49159200611695
Bristol Software Holdings PLC,1,421789088.24,937,51,True,1.1461153655748195,1.1407792695608052,100.47163459381527
TheraLife Pharmaceuticals SE,1,4173166921.84,23237,62,False,1.1407195542910564,1.1407009112752169,100.4647333595037
TheHague Financial N.V.,1,314251718.35,694,52,True,1.1475638211916572,1.1405498050676877,100.45142501136586
Patriot Well Exploration S.L.,1,256025406.49,612,21,False,1.154454301776056,1.140361959399625,100.43488091574176
Patriot Compass Diagnostics Group Inc.,2,2902506570.51,14863,62,True,1.1363125351282086,1.1402137325501152,100.42182616075249
Sequoia Expert Consulting Group Inc.,1,6378106796.04,33772,54,True,1.1314003783006672,1.1401394997797252,100.41528827215254
Nice Department Group SA,1,26315231019.17,337598,92,False,1.131264486621472,1.139989310933923,100.40206071863878
Pacific Commerce Advisory Ltd.,1,75160892.11,173,52,False,1.1611748123871484,1.139799729952155,100.38536378906232
Quantum Timber Financial Holdings Inc.,2,56791908.85,130,52,False,1.1624744127091386,1.1395208658268579,100.36080344224874
Spectrum Fox Communications Pvt. Ltd.,2,86699528.19,203,51,False,1.1596581418290277,1.1394106231388967,100.3510940590604
Zenith Loft Group Ltd.,1,350819979.7,808,53,True,1.1446917393299298,1.1391694007787339,100.32984892823376
Patriot Wolverine Retail AG,1,31946109067.53,389373,44-45,True,1.122935029463479,1.1391225426992906,100.325722005558
Harbor Granite Assurance AG,1,67581877.51,158,52,False,1.1606270076196679,1.1390481033339253,100.31916592155827
Sierra Quantum Innovations Group Inc.,1,691697737.03,1662,51,True,1.1396719738612906,1.1386305461234227,100.28239048515701
Leipzig Group AG,1,75298263.09,179,53,False,1.159263513624576,1.138619723701065,100.28143732402096
Miami Electric Co.,1,849956651.61,2065,22,True,1.1382519806026845,1.1385297746789291,100.27351526098454
Seattle Holdings Group Inc.,1,209847447.95,523,52,False,1.1527379208973134,1.1385195256279441,100.27261259827583
Abbott Microsystems Corp.,1,340268866.43,866,51,False,1.1496952637229723,1.1384860934779917,100.26966813492228
Coleman Therapeutics Corp.,1,1419425707.67,8060,62,False,1.143672174254189,1.138388417410701,100.26106552931466
Bravo State Administration Holdings PLC,1,55604846021.5,770319,92,False,1.1240220696092091,1.138257323841085,100.24951975041114
ProtoCyber Networks Corp.,1,139193788.5,319,51,True,1.1484018003305174,1.137923486129505,100.22011772543884
Ember Sequoia Retail Inc.,2,3109876651.3,18523,44-45,False,1.1379079152107903,1.137784094782914,100.20784113800963
Thompson Services Co. Ltd.,1,466428966.89,1139,52,True,1.1402085274699933,1.1374455971756734,100.17802870293735
Vista Metro Agency S.A.,1,32926950493.56,457996,92,False,1.1257528050127334,1.1373388342865967,100.16862579541115
Flynn Holdings Group Ltd.,2,160877791.78,410,52,False,1.1524111061816695,1.1372879508611349,100.16414434920478
LinkStream Technologies Ltd.,2,386002286.79,1022,51,False,1.146900964794117,1.13722225153527,100.15835802503365
Keystone Bond Bancorp S.r.l.,1,106975086.21,270,52,False,1.1544758845503398,1.136998850310099,100.13868245162337
Lambert Studios Inc.,1,5327039376.93,30630,71,True,1.127314399359056,1.1368374392272114,100.12446652416746
Singapore Logistics Pte. Ltd.,1,3573577264.55,20349,48-49,True,1.12937487848516,1.1366084063615687,100.10429495636217
CreditSecura Group Holdings Inc.,1,169749352.31,443,52,False,1.1508172949454492,1.1365000576683117,100.09475238260745
Sable Hawk Medical Corp.,1,9098294881.29,54201,62,True,1.1232691463584057,1.1363203269964397,100.07892299749197
Palmer Retail S.p.A.,1,7162131064.34,42277,44-45,True,1.1246923345712647,1.1363065278303401,100.07770766617325
Newcastle Analytics Pty Ltd.,1,622598311.4,1593,51,True,1.1364097441737593,1.1361614701778049,100.06493203126345
Noble Sterling Markets Pty Ltd.,1,6434512998.83,38075,44-45,True,1.1249527258094323,1.1360592945908132,100.05593314031711
Quartz Secura Holdings GmbH,1,65335570.75,167,52,False,1.1554916366532946,1.1357271296530635,100.0266784412347
Sable Method Associates Holdings PLC,1,1586067111.83,9746,54,False,1.1386421815425025,1.135647172937543,100.01963642870916
Nashville Resources Group Inc.,1,491944294.07,1265,21,True,1.1370017682413092,1.1356265735764524,100.01782218511659
Diamond Horizon Systems Pty Ltd.,1,236489031.84,642,51,False,1.14727058638622,1.1355619992221138,100.0121349403477
Zimmer Production Group Inc.,2,5283759405.23,31919,31-33,True,1.124500237968688,1.1350100544560107,99.96352361444482
Lynx Everest Medical SE,2,2292482370.66,13422,62,True,1.1294369139795084,1.1349345939742264,99.95687759785389
CircuitProto Robotics GmbH,1,927734843.99,2505,51,True,1.1317930116178545,1.134776548321299,99.9429580732677
Liverpool Holdings Ltd.,1,55311354.72,144,52,False,1.1549899222980597,1.1347727621843609,99.94262461755271
Limerick Innovations DAC,1,37943169.83,97,51,False,1.1573212827588137,1.1347669065900916,99.94210889891771
Gutierrez Assurance Ltda.,2,132933580.37,360,52,False,1.1495451830960888,1.1347621961783587,99.94169403972536
DrillWell Energy Ltda.,1,166029565.01,457,21,False,1.1477733932451666,1.134512286637446,99.91968380448874
PortAero Logistics Ltd.,1,7894976366.24,49322,48-49,True,1.1210699510012,1.134365647432036,99.90676887777488
Palmer Solutions Co.,2,31052822.02,80,51,False,1.157508542134557,1.134110505003477,99.88429776742464
CountyCounty Administration Group Inc.,1,40112516843.5,617844,92,False,1.119157778756831,1.1338800492778618,99.86400088434489
Paragon Credit Securities S.p.A.,1,194968687.89,550,52,False,1.1457401665326663,1.1338595165034642,99.8621925052294
Carver Department Inc.,1,6315571983.68,43159,92,False,1.1272722422658181,1.1337717506958451,99.85446272402788
StateCounty Administration Group SA,1,4311960482.81,29144,92,False,1.1293416726979753,1.1336168715077275,99.84082207889175
Meridian Mold Production Group Inc.,1,905127187.17,2738,31-33,False,1.1359156484119959,1.1335980868119833,99.83916765797339
Granite Screen Studios Group PLC,1,7279255864.84,50465,71,False,1.1259107189189903,1.1334521908655009,99.82631819216101
ReserveSecura Group Holdings Ltd.,1,409011049.14,1108,52,True,1.1346651734794875,1.1334385418380293,99.82511608397297
Atlanta Farms Holdings Inc.,1,1654757013.79,10866,11,False,1.1346213238113925,1.1332721244683728,99.81045923877923
Austin Trading Group Inc.,1,1164871373.59,6957,44-45,True,1.1308316309122577,1.1332109347112571,99.80507008499474
Nashville Diagnostics Co.,1,1831652985.22,11163,62,True,1.127962176184318,1.1331325912926868,99.79817016006321
Ridge Sierra Systems Group Inc.,1,4131941919.33,26033,31-33,True,1.1230019371014914,1.133106094750897,99.79583653520191
Trident Wave Robotics Co.,2,937253476.98,2650,51,True,1.1290913790035342,1.1331017110631116,99.79545045150535
Paragon Secura Bancorp Co.,1,141461813.25,403,52,False,1.1463495291819372,1.1330051648434731,99.78694735475406
Sovereign Power Electric Ltda.,1,720048750.23,2195,22,False,1.1363276956328225,1.132977158550265,99.78448076184463
Carver Brands Group N.V.,1,1314426896.67,7941,44-45,True,1.1297128214623429,1.1329665490330405,99.7835463518617
Valor Baltic Brands SE,1,16665382912.81,255533,44-45,False,1.122696507748708,1.1327606425165664,99.76541158658705
Cobalt Machine Materials GmbH,1,126784831.33,363,31-33,False,1.1464581748998217,1.1326514256099074,99.75579254683929
InsightStrategy Consulting Inc.,1,4645749125.87,32661,54,False,1.1267890912157095,1.1322823140377007,99.72328385388121
Paladin Cedar Department Ltd.,1,9846137066.04,71408,92,False,1.12218749448203,1.132241386552012,99.7196792552558
Jacksonville Labs Inc.,1,1212284055.7,7519,62,True,1.1284977835842238,1.131884455088746,99.6882432987047
Nashville Securities Co.,3,420339692.5,1196,52,True,1.1317185788146271,1.131680893579523,99.67031506480554
Endeavor Element Ventures Corp.,1,170306515.44,512,51,False,1.1425215291741282,1.1313236737609913,99.63885371199623
Granite Civic Administration Holdings Inc.,1,3844120944.96,27625,92,False,1.1262342925759283,1.1312013636135332,99.62808151375384
Pinnacle Crimson Stores Corp.,1,5168249979.23,34661,44-45,True,1.1185848660179685,1.1311447735347206,99.62309746655751
LineDirect Group Co.,1,124051345.28,344,42,True,1.1377042881430173,1.130764521159236,99.58960757176145
ShopSave Distribution Ltd.,1,4582351808.51,31015,44-45,True,1.1185076194942059,1.1306330095829273,99.57802497783436
ToolComposite Defense Co. Ltd.,1,53071232.49,155,31-33,False,1.148402910614794,1.1305160366700693,99.5677228448349
Solaris Vivo MedTech Corp.,2,1888435404.76,13477,62,False,1.129302327060648,1.1304160401445293,99.55891586995136
Florence Group S.p.A.,1,70657201.25,210,52,False,1.1463817639242915,1.1303558466151555,99.5536144567424
MatrixStruct Defense Corp.,1,4988447431.27,34304,31-33,True,1.1172833736555665,1.1301761189296906,99.53778533464818
Gutierrez Holdings Inc.,1,61355450.3,168,52,True,1.140937266284009,1.1300893186542436,99.53014059057712
WireAlgo Security S.p.A.,1,41634299.85,122,51,False,1.14903526890752,1.1299774535567741,99.52028831722622
Flint Azure Energy SAS,1,279898146.94,821,21,True,1.131467432714062,1.129959642228914,99.51871962355152
Sable Wind Energy SA,1,139611656.63,433,22,False,1.1414364760296487,1.1298806843979068,99.51176558559085
Ember Carbon Fabrication Ltd.,1,94049736.59,288,31-33,False,1.143616462079581,1.1297276738635265,99.49828951803819
StreamAlgo Computing Corp.,1,550330966.23,1814,51,False,1.1328007713073238,1.1297192328560615,99.4975460948009
Dresden Group AG,1,2129356006.58,15582,44-45,False,1.12740474822163,1.1296750071174146,99.49365100977303
Spectrum Citadel Group Group Inc.,1,328619746.27,983,42,True,1.1297402696638588,1.129484027089178,99.47683086224431
Singapore REIT Pte. Ltd.,1,74910997.3,211,53,True,1.13860073477407,1.1293906735064867,99.46860894999674
HealthCare Medical S.A.,1,9449080674.12,68202,62,True,1.11215090295954,1.1293380828916788,99.46397714682935
MedNeuro Genomics Holdings Ltd.,1,1314461627.95,9017,62,True,1.1223933180309706,1.1283179167883246,99.37412825257248
CastComponent Industrial Group SA,1,89373233.0,284,31-33,False,1.1416434531749777,1.1282988817610962,99.37245178425718
Silver Granite Freight Inc.,1,8048202471.9,59433,48-49,True,1.1114453441760441,1.1282694646261815,99.36986093455575
TheraClinical Medical Co.,2,6849378832.11,54757,62,False,1.117957816237122,1.1281480324038078,99.35916605764152
Polaris Helix Software Group SA,1,46670843.25,145,51,False,1.1452398770393681,1.1280527475155575,99.35077404988853
Orlando Supply Holdings Inc.,1,634700412.02,2206,42,False,1.1292011709038974,1.1279937840568404,99.34558097245744
CapitalBond Advisory SE,1,330316664.42,1036,52,True,1.1269893060887042,1.1277632939291735,99.32528105949238
StreamCyber Communications Holdings Inc.,1,132367926.51,435,51,False,1.138263047751712,1.1276885029265011,99.31869400580733
Nakamura Retail Co.,2,5411624752.41,40148,44-45,True,1.1126518171934117,1.1275223395842258,99.30405953351857
Titan Forge Systems Inc.,1,301688403.56,951,31-33,True,1.1270334611328068,1.127443880097223,99.29714938611416
MetroBorough Agency Holdings Inc.,1,1528013782.11,11754,92,False,1.1257704742411392,1.1273669536092938,99.29037425424418
DraftConstruct Corp Group Inc.,1,5996687396.03,45311,23,True,1.1112294928270228,1.1270034907720203,99.25836306123834
Radiant Pack Trading Corp.,1,160725014.8,543,42,False,1.1359454693911883,1.1269787098849913,99.2561805389109
YieldRisk Partners Co. Ltd.,1,207672114.14,654,52,True,1.128464637936209,1.1269183959384714,99.25086852022565
Jasper Acumen Services Co. Ltd.,1,163566312.18,554,54,False,1.1357341535234895,1.126913194914634,99.2504104514472
Horizon Current Power Corp.,1,289070432.92,1006,22,False,1.1320571247371618,1.1267822212242218,99.23887523064188
AeroAero Products Corp.,1,260678861.71,913,31-33,False,1.132071486406863,1.1263955068043108,99.20481620544201
ProPremier Partners Ltd.,1,511812112.08,1843,54,False,1.1279600315283178,1.1263854533158966,99.20393076647824
Turin Department S.p.A.,1,2539762405.74,20579,92,False,1.1208841323660068,1.126212049794091,99.1886586312414
Austin Advisory Co.,1,3864631401.33,29336,54,True,1.1125936645440972,1.126195915059156,99.18723759981496
Titan Matrix Works Holdings Inc.,1,52754036.4,174,31-33,False,1.1413417557397396,1.1260912433910035,99.17801887198956
Redwood Ivory Associates Inc.,1,6291242975.46,49073,54,True,1.1092452907266035,1.1259136146511775,99.16237460993347
Lumen Goods Distribution Pte. Ltd.,1,71781631975.19,1411332,44-45,False,1.1031252447314874,1.1258022337925804,99.15256498486022
Jaipur Robotics Ltd.,3,201949072.96,714,51,False,1.1324706334594363,1.1256698566770345,99.14090616046133
Citadel Compass Services Corp.,1,1841421837.32,14980,92,False,1.121855682622709,1.1255989602222096,99.13466211054455
Vertex Current Energy Pvt. Ltd.,1,54320166.82,182,22,False,1.1403289944054011,1.125570976998234,99.13219754940724
Brennan Software N.V.,1,640396276.87,2196,51,True,1.1194134775912756,1.1254911035894197,99.12516287393733
TownshipDistrict Services PLC,1,3705582672.27,31205,92,False,1.1172703986998282,1.1253576419214388,99.11340852995909
DynamicMachine Products Pty Ltd.,1,93037502.07,323,31-33,False,1.1363579962276504,1.1251455096758785,99.09472544723641
NeuroPharma Healthcare Group Inc.,1,9958701367.53,80902,62,True,1.105249444439777,1.1251009289998646,99.09079910187766
Charlotte Academy Holdings Inc.,1,6727693851.7,58611,61,False,1.1131187759598087,1.124988274535593,99.08087730677525
LogicAcumen Partners S.A.,1,42561632.78,144,54,False,1.140602540596952,1.1248090079177018,99.06508879219734
Sendai Communications Holdings Co. Ltd.,1,189416510.56,633,51,True,1.125383256179527,1.124619329507212,99.0483832817997
Valor Consult Advisory Holdings Inc.,1,36280230.44,125,54,False,1.1400869947491878,1.123877426525344,98.98304180226263
Quartz Noble Fabrication Corp.,1,456557938.71,1615,31-33,True,1.1188861026211985,1.123862745748838,98.98174882503908
Brasilia Robotics S.A.,1,230424449.3,861,51,False,1.1287882289732918,1.1238568223354817,98.98122713338657
Portland Agriculture Holdings Inc.,1,1987566097.84,15701,11,True,1.1127864327639676,1.1237772914084043,98.97422262124523
Titan Ironwood Platforms Group Inc.,1,274905309.35,956,51,True,1.1217314270906487,1.1237309757418006,98.97014347039182
Azure Redwood Financial Ltd.,1,335366453.02,1278,52,False,1.1262666924543916,1.1237002704250298,98.96743916689597
EquityFiduciary Bancorp SA,1,805767599.21,2954,52,True,1.1147464421223898,1.1233972421776408,98.94075061797537
Titan Tempest Production SA,1,379502216.76,1467,31-33,False,1.1249861354012525,1.1233637888371077,98.93780428830786
Patriot Bravo Therapeutics Co. Ltd.,1,686888011.46,2774,62,False,1.1202725333520551,1.122645296553726,98.87452465474456
Pittsburgh Products Corp.,1,345592862.38,1360,31-33,False,1.1243055940564317,1.1225768057795888,98.86849247988326
AcumenAnalytic Partners Group SA,1,471326062.17,1882,54,False,1.1223194958239986,1.1225049409392414,98.86216314153342
Raleigh Holdings Holdings Inc.,1,381571305.56,1511,52,False,1.1235796209746853,1.1224959343275767,98.86136990394552
Verdant Frame Engineering Group PLC,1,718707552.28,2929,31-33,False,1.1195839607450973,1.1223814660550901,98.85128836165885
BazaarBrand Stores Co.,1,39914029678.95,776266,44-45,True,1.0955909839364584,1.1223466201378707,98.84821938385096
Quartz Paladin Assurance Holdings Inc.,1,177073367.02,685,52,False,1.1277582710983804,1.1222033806707459,98.83560388163737
Orbit Lynx MedTech Corp.,1,2637111316.07,24055,62,False,1.1139713897808243,1.1219570973070556,98.81391301401426
Matsuda Development Holdings Inc.,1,154301550.62,598,53,False,1.128157683874733,1.1219298593307352,98.81151408893125
NationalBorough Office Holdings Inc.,1,4605922755.66,43047,92,False,1.1105242608974037,1.1218836332713134,98.80744283003403
Patriot Bravo Partners Co.,1,524627181.1,2146,54,False,1.1205382956283685,1.121786064007704,98.79884963092663
Lindgren Corp Group Inc.,1,2328656435.02,19734,81,True,1.1082102616436367,1.1214552663999096,98.76971535643403
Glasgow Association Group PLC,1,1607311967.76,13438,81,True,1.1103464008634067,1.1214085637542994,98.76560212325256
Baltic Cast Materials Co.,1,56368248.22,196,31-33,True,1.127440387854135,1.1212916789130989,98.75530774697135
TrustCommerce Financial Co. Ltd.,2,326937106.57,1233,52,True,1.116454419245433,1.1210443370209697,98.73352365177534
Polaris Eclipse Assurance Inc.,1,287457397.46,1080,52,True,1.1171434510040328,1.1209916055567286,98.72887944360275
Zenith Solar Utilities Holdings Ltd.,1,522043355.7,2020,22,True,1.1132707535866049,1.1208020847306344,98.71218781210544
Paladin Lynx Therapeutics Ltd.,1,1432177180.55,12124,62,True,1.110064232398871,1.120788843197623,98.71102159309912
Cypress Forge Consulting Co.,1,150273938.55,601,54,False,1.1264431536088868,1.1207503120377795,98.70762804562192
Harbor Prime Group Group PLC,2,1522942145.8,12948,44-45,True,1.1095928662302514,1.1207217643015472,98.70511376630449
Raptor Mold Systems Inc.,1,186386090.02,695,31-33,True,1.11915952602804,1.1206198413394286,98.6961371247403
Lynx Precision Systems Corp.,1,118525073.23,434,31-33,True,1.121841224039592,1.120592506916764,98.69372970535683
Fitzgerald Education Group PLC,1,3250111407.34,31068,61,False,1.1105324561266123,1.1205605389109798,98.69091419329281
Frontier Urban Properties S.L.,1,35095220.87,133,53,False,1.1346974738108764,1.1203874692360871,98.67567146089131
Indigo Grid Corp Corp.,1,472599840.83,2005,22,False,1.1188359667288517,1.1203101320101412,98.66886015417049
Sable Orbit Authority Group Inc.,1,1036557614.35,9586,92,False,1.116652186786513,1.1201045198560045,98.65075131421372
Quantum Apex Ventures Ltd.,1,63670593.18,250,51,False,1.130598506606388,1.120090518102182,98.6495181404252
Marshall University SE,1,4334857599.03,42519,61,False,1.1080060804256773,1.120042961322295,98.64532968123878
Davidson Financial Co. Ltd.,1,291430249.5,1138,52,True,1.1148916874676618,1.1196140644840293,98.60755553196864
FidelityReserve Bank Co.,1,246142854.7,955,52,True,1.1158763071582316,1.119596712635307,98.60602730591222
Flint Dynamo Services B.V.,1,289438961.47,1229,22,False,1.1205970002186345,1.1195584123574578,98.60265409286077
Detroit MedTech Holdings Inc.,1,4734908941.85,47482,62,False,1.1064271565845478,1.119368825579186,98.58595665276995
Keystone Patriot Partners SAS,1,24241807.28,94,54,False,1.1345847166462877,1.1189094648291853,98.54549946122353
Frontier Metal Systems Group N.V.,2,71699114.39,294,31-33,False,1.1276809776420418,1.118712698312374,98.52816968139244
SanDiego Services Co.,1,414106058.1,1850,54,False,1.1163706111188005,1.1182458525102987,98.48705326028512
Zephyr Premier Advisory Group Inc.,1,58128329.57,242,54,False,1.1275508953209399,1.117833792142171,98.45076194623182
Phoenix Rail Co.,1,961086323.27,4514,48-49,False,1.110415042956452,1.1176616420482914,98.43560020391315
WingPort Rail Holdings Inc.,1,2466376875.88,23342,48-49,True,1.101754168634815,1.1175364775107834,98.4245766115214
Pittsburgh Production Co.,1,849491717.85,3991,31-33,False,1.1108537833738479,1.1174721886050565,98.41891450701354
Hawk Media Studios Co.,1,40245118.3,167,71,False,1.1290151927862984,1.117355015425441,98.40859473595823
Talon Paladin BioSciences Co. Ltd.,1,78836299.57,339,62,False,1.1246124121424372,1.1171463568003213,98.39021758474479
Aldridge Labs Corp.,2,90084336.15,390,62,False,1.1237455361674853,1.1171077435176564,98.38681680448002
Victoria Services Inc.,2,606909082.62,2842,52,False,1.1122791080498928,1.1171017886487788,98.38629234245141
Atlanta Components Holdings Inc.,1,326625998.19,1374,31-33,True,1.1102400835219155,1.1170897203975716,98.3852294576692
CellaMed Biotech AG,1,394030558.35,1698,62,True,1.1081863390201594,1.1164937324479358,98.33273912488012
Delta Valor Corp Inc.,1,87686248.37,387,23,False,1.1227384021191582,1.1163719976406539,98.3220175984631
Houston Agency Inc.,1,9231932763.94,103974,92,False,1.0974320399357014,1.1161333631537207,98.30100038890085
Lumen Quick Commerce Inc.,1,1108412106.38,10564,44-45,True,1.1042932454004748,1.1161273516205816,98.30047093629156
Fitzgerald Assurance SA,1,58092654.98,254,52,False,1.1247402271467772,1.1160681261067822,98.29525477893328
LiveMedia Productions Group Inc.,1,456009014.89,2182,71,False,1.1121026561630136,1.1159052110044232,98.2809063882579
Polaris Mantis Genomics Holdings PLC,1,3103118872.18,31093,62,True,1.0977021292752442,1.1158053388647486,98.2721103683869
Sullivan Associates Corp.,1,190193167.67,817,54,True,1.111022545903888,1.1155359209792188,98.24838197844306
SparkSolar Corp Inc.,1,480467811.64,2145,22,True,1.1054597609257362,1.1155068713197314,98.24582349333471
SparkCharge Corp Group PLC,1,301744394.78,1327,22,True,1.1080097675824276,1.1153693932242417,98.23371541130406
Eindhoven Agency N.V.,1,1330577929.75,14167,92,False,1.1077104872937253,1.1153686913851493,98.23365359836382
Irving Mining Group Ltd.,1,97188016.06,445,21,False,1.1202634717887008,1.115204556311972,98.2191977614317
Jensen Financial Corp.,1,122697877.89,523,52,True,1.1130473435156643,1.115159317698718,98.21521346969213
AcademyAcademy University Holdings Inc.,1,7133110969.99,81801,61,False,1.0973598870843098,1.11510922712687,98.21080185233058
Atlas Quartz Group Co.,1,2062558088.07,20810,72,True,1.098806838602176,1.114966922953901,98.1982687241004
Monroe BioSciences DAC,1,2198689412.4,22308,62,True,1.098258555179439,1.1148570783802116,98.18859440395424
SuiteHaven Hospitality Ltd.,1,2908976434.72,29894,72,True,1.096518860479492,1.1147996240185043,98.18353423693569
Solaris Tempest Securities AG,2,90942352.97,421,52,False,1.119874615107734,1.1147080689442754,98.17547072438022
Timber Baltic Labs Corp.,2,760011461.36,3539,62,True,1.1014061005254565,1.1146532517560048,98.17064282063377
Marseille Distribution SAS,1,813664772.4,4135,42,False,1.1065579623634345,1.1145735837233381,98.16362623321805
PressAlloy Materials Inc.,1,311510018.51,1534,31-33,False,1.111868910381524,1.1143129865495502,98.14067470813374
Okonkwo Schools Co.,1,4335140567.82,50387,61,False,1.0984254762847339,1.1139075190826366,98.1049640494091
Azure Township Services PLC,1,5297153309.04,62210,92,False,1.0971106241092223,1.1138221796843693,98.0974479688947
Sapphire Yield Capital Holdings Inc.,1,113353181.29,544,52,False,1.117022534224115,1.1137448457056227,98.09063694816386
Montpellier Healthcare SA,1,105038086.57,504,62,False,1.1173083907725068,1.1136367906035114,98.08112023180601
Sequoia Health Genomics Group Inc.,1,197165037.06,977,62,False,1.1131870971555335,1.113416623467934,98.0617294937504
Harbor Skill Institute Group Inc.,1,4159665365.4,48974,61,False,1.097853061095963,1.1133839745325715,98.05885401030578
Hawk Beacon Sciences PLC,1,598086598.59,3104,62,False,1.1064977789541728,1.1133701132976115,98.05763321240816
Mantis Mart Retail Corp.,2,2964964626.61,34495,44-45,False,1.0997609714152046,1.1133259185607014,98.05374085779033
Incheon Health Corp.,1,1578673858.68,16533,62,True,1.0976886810351079,1.1132372896478964,98.0459350604907
Osprey Neuro Therapeutics AB,1,2294227355.03,26497,62,False,1.101112254314008,1.1132204370821588,98.0444508076892
Crawford Hospitality S.p.A.,1,4107616100.79,44811,72,True,1.0919164250995106,1.1131419206902513,98.03753564850999
MoveTransport Logistics Ltd.,1,266954363.77,1246,48-49,True,1.1050883469897885,1.113044898419557,98.02899062460504
Eriksson Corp Inc.,1,76845835.88,370,23,False,1.118233565003994,1.1130373798313953,98.02832844142675
Thompson Bank Group Inc.,1,153166417.74,699,52,True,1.1083741646237655,1.1130340059613948,98.02803129521898
Irving MedTech PLC,1,485908230.76,2537,62,False,1.1069191647055105,1.1128525503154238,98.01204998678935
PortTransit Carriers Co. Ltd.,1,82586082.29,402,48-49,False,1.1173536836873557,1.1127556859540337,98.00351887040037
Apex Aspire Learning Holdings PLC,1,3660849300.8,43640,61,False,1.0976220647282446,1.1127526876931333,98.0032548051411
Mantis Lantern Biotech Group AB,1,455159513.75,2385,62,False,1.1069554741031746,1.1126284630422467,97.99231399120411
Peregrine Thera Sciences Inc.,1,598094895.08,3169,62,False,1.1053261169835527,1.1126242982736043,97.99194718833141
Pune Outlets Ltd.,1,8794897087.49,101275,44-45,True,1.0861435129460142,1.112289477138413,97.96245855047934
Leeds Group PLC,1,851949513.38,4305,11,True,1.096394824789996,1.1118739764928611,97.92586424152994
Fitzgerald Sciences Holdings PLC,1,522150561.0,2817,62,False,1.1048030211213729,1.111778090065204,97.91741925451171
Fox Indigo Office Co.,1,1259513234.94,14843,92,False,1.1021738933508223,1.1116317869001902,97.90453392381944
Patriot Express Logistics Corp.,1,33093201.88,160,48-49,False,1.1209351718084342,1.1115509565239512,97.89741496554043
Cedar Show Media Group Inc.,1,853690992.75,4740,71,False,1.1013822205455495,1.1114545267118934,97.88892212113176
Zephyr Aura Diagnostics GmbH,1,528350249.95,2665,62,True,1.0982341819039931,1.111247990178504,97.87073186849774
Monroe Group SAS,1,2311636729.32,26070,72,True,1.0921501581551973,1.111119996654476,97.85945911931685
Canberra Sciences Pty Ltd.,2,205226510.32,1087,62,False,1.1092568112311594,1.1110797273094506,97.8559124849883
Helix Vertex Medical Co.,1,329361213.33,1784,62,False,1.1062625135828783,1.1109659769347973,97.84589416998027
Eclipse Wolverine Administration Corp.,1,1071616600.93,12820,92,False,1.1019184167723093,1.110858804259963,97.83645517147136
Keystone Clinical Therapeutics SE,1,108613602.56,525,62,True,1.1063582592790824,1.1104553369671961,97.8009206737021
Quartz Analytic Group Co.,1,25626144.9,127,54,False,1.120379114830658,1.1102370266232735,97.78169346850308
Kestrel Trust Advisory Holdings Inc.,1,86496023.56,419,52,True,1.1070473464047001,1.1100335959788707,97.7637767602362
Marshall Medical Holdings PLC,1,143485359.02,776,62,False,1.109374203173468,1.1098036832455775,97.74352770001546
Fernandez Institute Holdings Inc.,1,1203600234.99,15005,61,False,1.0991716172993824,1.1095442705104432,97.72068049177032
Cleveland Diagnostics Holdings Inc.,1,35752212.43,185,62,False,1.1168079989230313,1.1092517307547163,97.69491569377142
RemedyCella Medical SA,1,77492399.37,415,62,False,1.112147769706393,1.1092335168358338,97.69331154277455
Crimson Genome Diagnostics Inc.,1,511354635.18,2731,62,True,1.0951464878395503,1.1091475110273141,97.68573676963736
Baltic Trident Pharmaceuticals Ltda.,1,35647590.76,186,62,False,1.11634510863079,1.1089498514665903,97.66832833692042
Obsidian Hawk Consulting Ltd.,1,325324537.25,1729,54,True,1.097059452525513,1.108667611471622,97.64347066778245
Horizon Glacier Commerce Ltd.,1,7702902576.36,106011,44-45,False,1.0868873229431912,1.1086554140711196,97.64239640845904
Jasper Creative Studios Pty Ltd.,1,315567696.4,1677,71,True,1.0971745737917646,1.1086264853994312,97.63984857908598
Beacon Keystone Consulting Co.,1,36563845.84,193,54,False,1.1156014520959059,1.1085781142597018,97.6355883969408
ArchDraft Development Pvt. Ltd.,1,342868920.5,2013,23,False,1.1015669581351915,1.10813223973576,97.59631897520471
Forge Jasper Pharmaceuticals PLC,1,117666689.77,615,62,True,1.1016639899053555,1.1077740318817701,97.56477060333732
Sovereign Wisdom Academy Ltda.,1,1527242577.22,20259,61,False,1.0948184490279558,1.107658691876772,97.55461228511973
Orbit Wisdom Academy Ltd.,1,1193995117.69,15826,61,False,1.0957596639407532,1.1073343255537786,97.52604443194436
Minneapolis Distribution Inc.,1,61931927.54,348,44-45,False,1.1102178918488677,1.1071720268301481,97.51175032747494
Lambert MedTech Co.,2,288092661.28,1744,62,False,1.1004757730200572,1.106782961241388,97.47748422823037
Winnipeg Sciences Holdings Inc.,1,787476791.09,4572,62,True,1.0889178780246784,1.1067757441338264,97.47684859729534
Munich Genomics GmbH,1,314057889.27,1759,62,True,1.094248178407293,1.1067371584495824,97.47345024770104
Eagle Vanguard Hotels Inc.,1,1558493823.9,19760,72,True,1.0870507337545836,1.1063525114065504,97.43957330218994
Keystone National Administration Inc.,1,4238549533.21,60890,92,False,1.086663333081395,1.10626304343552,97.4316936066756
Eagle Wolverine Institute Corp.,1,4407612063.66,63633,61,False,1.0862465929425777,1.1061416642853423,97.42100340397874
Sapphire Pinnacle Biotech Holdings Inc.,2,64314935.04,374,62,False,1.1081431537898594,1.1060047138196312,97.40894179178477
Haifa Studios Ltd.,1,157496280.88,957,71,False,1.1024532758610703,1.1057692274910556,97.3882018493719
Peregrine Inn Restaurants Holdings PLC,1,15348833448.41,455296,72,True,1.0755972946098615,1.1057505719453453,97.38655880305981
Perth Media Pty Ltd.,1,45890642.16,267,71,False,1.1092991989712329,1.1054657972923805,97.36147789947249
Fitzgerald Distribution Co.,1,70097085.47,417,44-45,False,1.1065526860456203,1.1053236527110675,97.34895882692774
Whitfield Diagnostics S.r.l.,3,36252630.85,210,62,False,1.1103625041660483,1.1052501987016752,97.34248952599633
Raven Condor Commerce Ltda.,1,618883121.63,4041,44-45,False,1.09345280565937,1.1051777113982624,97.3361053655759
Cincinnati Systems Holdings Inc.,1,73120808.83,438,31-33,False,1.1060129360825781,1.1051411684957018,97.33288692950238
Nexus Summit Industries Corp.,1,116374357.95,655,31-33,True,1.097543154352926,1.1051097193028128,97.33011711074732
Vanguard Analytic Partners GmbH,1,304002304.39,1948,54,False,1.0970850715799412,1.1048264824611962,97.305171646525
Marshall Group Corp.,1,482183312.99,2899,54,True,1.0887437610622877,1.1048208189929205,97.3046728489659
GuestWelcome Hotels Corp.,1,5916579982.58,83280,72,True,1.0764618841713456,1.1045189705628211,97.27808820986797
Ellis MedTech Corp.,1,838551076.92,5210,62,True,1.0849217647746843,1.104440677329338,97.27119270487803
Vista Dynamo Outlets SA,2,1207103521.72,16078,44-45,True,1.0852350032515337,1.1042241745513435,97.25212469708754
Fernandez Sciences Holdings Ltd.,1,756118865.86,4775,62,True,1.0843904247425937,1.1037103624937838,97.20687182593666
Hamburg Group SE,1,3255846565.43,49709,44-45,False,1.0842349635967972,1.1037089891454461,97.20675087129098
Indigo Retreat Resorts Inc.,1,1686999948.9,23140,72,True,1.0823983178685004,1.1036521679569948,97.2017464696196
Fukuoka Services Co. Ltd.,1,494692769.8,3349,92,False,1.0922436909433864,1.1035643283368224,97.19401018753916
Gallagher Administration Group Inc.,1,826792409.83,5756,92,False,1.0888247721843922,1.103301926183454,97.17089969283322
Nashville Farms Group Inc.,1,333985997.49,2244,11,False,1.0940887835843551,1.103269464556481,97.16804070616453
PrimeChoice Outlets Group SA,1,80086593.41,468,44-45,True,1.0967671480354872,1.1032136308369191,97.16312327365195
StructDynamic Defense Corp.,2,366640559.44,2283,31-33,True,1.0877787362594462,1.1031739255942226,97.15962632140001
FreshDeal Distribution Group Inc.,1,101768528.34,654,44-45,False,1.1008712220205739,1.1031271042356996,97.15550263283885
Birmingham Rail Ltd.,1,123361685.75,737,48-49,True,1.0939956435283331,1.103067503650009,97.15025344184558
Arrow Med Pharmaceuticals SAS,1,274830055.3,1708,62,True,1.0889232078262376,1.1028273188591826,97.12909969266481
Nexus Horizon Systems Pty Ltd.,1,301038352.77,2078,31-33,False,1.0929538630339228,1.1021563844338984,97.07000861324897
Crest Vertex Construction AG,1,43661247.64,280,23,False,1.10398053092985,1.1019237268719417,97.04951780825792
Hawk Crown Genomics Corp.,1,35904910.39,229,62,False,1.1049649437397946,1.1018126363852594,97.03973375705483
Lantern Borealis Transport Group SA,1,303618338.7,2120,48-49,False,1.0922817141706465,1.1017595451153939,97.03505785979024
Element Sentinel Healthcare Holdings PLC,2,94307168.16,629,62,False,1.0990547987891952,1.1016903644436893,97.02896492371231
Bravo Eagle Products Holdings Inc.,1,215021949.95,1379,31-33,True,1.0880535101834141,1.1013512915541042,96.99910182190807
Fox Timber Services Group Inc.,1,4074729224.16,67318,56,False,1.0790607566169526,1.101213581267901,96.9869732901891
Obsidian Bravo Components Corp.,1,208580343.2,1344,31-33,True,1.0879006012735386,1.1011395756004452,96.98045540318248
CastForge Products SAS,1,80991742.76,546,31-33,False,1.0989967561911909,1.1010839287516998,96.97555442890759
RemedyOncus Diagnostics Group Inc.,1,525267715.02,3823,62,False,1.0879893922047061,1.1010678404949874,96.97413749094879
SanaRemedy Diagnostics Holdings Inc.,1,184222696.99,1191,62,True,1.0881603121584842,1.100841239236066,96.95418008157755
Malmo Healthcare AB,1,36264651.62,238,62,False,1.10332289829481,1.1008139526676113,96.95177687684875
ElevateDraft Construction Corp.,1,420367346.25,2816,23,True,1.083229790286263,1.1007649452703185,96.94746065771281
Atlanta Builders Group Inc.,1,131344615.21,917,23,False,1.095306134617283,1.1005501404097362,96.92854219027807
SmartQuick Trading Holdings Inc.,1,53013440.4,357,44-45,False,1.1005554495662166,1.1004855623673595,96.92285462069333
Sterling Forge Markets Holdings Inc.,2,139825903.53,912,44-45,True,1.088653318389871,1.1001254124976194,96.89113521004391
Arrow Value Trading Corp.,1,436322143.47,3253,44-45,False,1.0873193197733075,1.099945210100697,96.87526427877823
Campbell Pharmaceuticals Corp.,1,661004750.27,5073,62,False,1.0842136405519964,1.0995077026617905,96.83673176972343
Quantum Patriot MedTech Co.,1,51720292.57,358,62,False,1.0990991439987237,1.0994719652601033,96.8335842763744
Osaka Services Corp.,1,359832540.22,2708,92,False,1.0874922723214935,1.0993356505899294,96.82157866047926
Flint Sierra Production Holdings PLC,2,58463184.04,409,31-33,False,1.0980724590200401,1.0992798742751977,96.8166662837713
Lynx Wolverine Solutions Co.,1,7105371810.07,116716,56,True,1.0673375954878226,1.0992715270661035,96.81593112161998
Monroe Production Holdings Inc.,1,621598973.12,4809,31-33,False,1.0839899257106669,1.0991346049307644,96.80387200456143
Arrow Federal Office Holdings Co. Ltd.,1,200843248.79,1485,92,False,1.0905755678051274,1.0991261912948276,96.80313099201149
Marshall Services Holdings Inc.,1,508511208.03,3918,92,False,1.0849400797883189,1.0989937688801386,96.79146817798983
Richardson Administration Holdings PLC,1,250649821.22,1905,92,False,1.088245147813812,1.098466543193575,96.74503393085516
Titan Shop Trading Corp.,2,680568894.3,4979,44-45,True,1.076636484507982,1.0983188050708024,96.73202221940242
Trident Azure Diagnostics PLC,1,113874801.88,853,62,False,1.0918832088575063,1.097840842773491,96.68992673733464
Baltimore Distribution Holdings Inc.,1,762113791.63,6216,44-45,False,1.0803322786920884,1.097547025791644,96.66404945044377
Bordeaux Pharmaceuticals SA,1,49602479.2,364,62,False,1.0959731028401811,1.0973370170247838,96.64555338845484
Johansson Group GmbH,1,39918067.33,292,54,False,1.0969072662557633,1.0971184936138647,96.62630741784696
Crawford Sciences Holdings Inc.,1,118883620.47,918,62,False,1.0900348265292088,1.0968253453157528,96.6004890238109
Cobalt Retreat Hotels Holdings Inc.,1,1123034315.36,18628,72,True,1.0733780349093487,1.0963086227219832,96.55497981356062
Osprey Elite Advisory Inc.,1,503866073.27,3865,54,True,1.0751037017535863,1.0962091376278706,96.54621788187944
ClinicalCardio Diagnostics SE,1,123469951.93,988,62,False,1.0879163245601595,1.0956173971466772,96.49410163556674
Talon Cobalt Advisory Inc.,1,24708977.55,185,54,False,1.097243143101202,1.095543918296984,96.48763014688025
Keller Construction Pty Ltd.,1,46825219.55,332,23,True,1.087863733666909,1.0955406123182705,96.48733898004882
StyleStore Trading Co. Ltd.,1,65805358.32,515,44-45,False,1.0913871640430786,1.0954820689828468,96.48218290405627
CarbonTool Materials Co.,1,107811941.06,793,31-33,True,1.0829066906995384,1.0954802934303425,96.48202652615988
AchieveWisdom Schools Technologies Ltd.,1,1797732190.95,34180,61,False,1.0742541977536206,1.0950592623514817,96.44494513641457
MartQuick Commerce AG,1,65590235.99,479,44-45,True,1.0850522063055987,1.095002020925264,96.43990372322271
Belfast Education Group PLC,1,873596943.58,7721,61,False,1.075415393632409,1.0948925135095806,96.43025909752919
PathCella Diagnostics Co.,1,77156968.37,621,62,False,1.0892642775339216,1.0947255630006947,96.41555529726597
Halifax Services Inc.,1,43260517.84,313,54,True,1.0870135937566796,1.0947044180951626,96.41369300604204
Beacon Lumen Industries Holdings Inc.,1,271568021.35,2121,31-33,True,1.0763142916171682,1.0946881862702325,96.41226342362702
PublicBorough Agency GmbH,1,483890032.57,4203,92,False,1.0784862822708527,1.094669473073765,96.41061529985082
Hughes Education Corp.,1,9358322328.66,192975,61,False,1.0639406583864537,1.0945158770995609,96.39708767096846
Verdant Hub Group GmbH,1,476931540.14,4195,44-45,False,1.0778442718206722,1.094203382595651,96.3695654022464
DistrictCounty Administration Co.,1,279025890.43,2411,92,False,1.0807435551375018,1.0940694897005945,96.35777307888834
Harrington MedTech Holdings Inc.,1,140317804.14,1184,62,False,1.0845138377544812,1.0939240781226913,96.34496627277727
Richardson Biotech Corp.,1,955526002.99,8722,62,False,1.0733218792288877,1.0938769708272091,96.34081740094494
Mantis Oncus Sciences Corp.,1,204744782.89,1631,62,True,1.0762310243286257,1.0935845441760619,96.31506256438408
Sullivan Agency PLC,1,379566992.25,3373,92,False,1.0780954037931223,1.0935158503079683,96.30901250246755
Munich Office AG,1,671443919.13,6199,92,False,1.0739562450139448,1.0929747060369024,96.2613524065
ScholarDiscovery Learning Inc.,1,303964907.76,2722,61,False,1.078465235438924,1.0929279115697335,96.2572310863359
Tempest County Office SE,1,216842252.4,1917,92,False,1.0803813670510802,1.0929008147882047,96.25484459667479
Mitchell Schools Holdings PLC,1,702789862.02,6524,61,False,1.0734928691048893,1.0928458119291888,96.25000034038426
ValueValue Stores Co.,2,690054803.15,6416,44-45,False,1.0734705435914131,1.092763530937675,96.24275362234339
Atlanta University Inc.,1,155855636.72,1368,61,False,1.0819556638409962,1.092681050288532,96.23548931989428
Raleigh Biotech Co.,1,653390672.4,5704,62,True,1.0670924766881198,1.0919989894542947,96.17541830638908
Phoenix Civic Department Group Inc.,1,522258314.2,4973,92,False,1.0731548278684493,1.0915263876223822,96.13379493556594
Cypress Scholar Education SA,1,232977372.51,2193,61,False,1.0766648714835303,1.090787232643496,96.06869548037032
Raleigh Learning Group Inc.,1,109967984.28,1005,61,False,1.0809626889523916,1.090753303334435,96.06570723081764
Okonkwo Retail Group SA,1,185852301.53,1612,44-45,True,1.071900236942332,1.0904401546762026,96.03812734888693
Jaipur Schools Pvt. Ltd.,1,103702268.74,954,61,False,1.08080666865026,1.0904363259690595,96.03779014389443
Florence Healthcare S.p.A.,1,280046701.77,2476,62,True,1.0694002059633942,1.0903487469754758,96.03007681592975
Lumen Educate University Holdings Inc.,1,65000354.07,589,61,False,1.0832905443178995,1.090288811519371,96.02479813195848
Kestrel National Authority Holdings Inc.,1,760243296.15,7640,92,False,1.0688656166936192,1.0901548218790806,96.01299728797594
Delta Site Development AG,1,49580381.19,446,23,False,1.08464345150793,1.0901463336509183,96.01224970587919
Raptor Silver Associates AG,1,57043090.41,523,54,False,1.0830990187721998,1.0896832494982556,95.97146458380168
Dallas Markets Holdings Inc.,1,58693712.3,539,44-45,False,1.0829101346682493,1.0896686588711229,95.97017954628664
Polaris Scholar Academy Holdings Co. Ltd.,1,626100825.4,6330,61,False,1.069225464044787,1.0896679344871072,95.97011574775166
Winnipeg Office Holdings Inc.,1,835812197.45,8571,92,False,1.0674240546648792,1.0895753862977795,95.96196476875988
Cedar Cobalt Advisory Inc.,1,53448382.5,491,54,False,1.0832186757745204,1.0895183938055342,95.95694527988219
Ridge Cargo Shipping Inc.,1,141316124.71,1268,48-49,True,1.071009017915339,1.0888525211583062,95.89830000547774
Nexus Cure Sciences Group Inc.,1,211664234.35,2102,62,False,1.0740602864347273,1.0887623881926967,95.8903617420229
TaskAssist Resources Corp.,1,2435430197.93,56070,56,False,1.0627121185486075,1.0887248799654416,95.88705828709206
AnalyticAcumen Associates Inc.,1,70684372.37,673,54,False,1.0802609263774352,1.0886691661756285,95.88215141712931
Atlanta MedTech Inc.,2,232680166.83,2328,62,False,1.0733146541237284,1.0886343495527564,95.8790850193569
Brasilia Labs Ltda.,1,105090535.95,947,62,True,1.0718165657697085,1.088275970043209,95.8475215293024
Lindgren University Corp.,1,514456960.7,5390,61,False,1.0679738961986647,1.08813454314382,95.83506566502061
AspireSkill Institute SA,1,58837702.69,566,61,False,1.080336589597609,1.0880389801352066,95.82664916242602
Weber Diagnostics Group Inc.,1,48296303.23,461,62,False,1.0814547362273723,1.0880210084635902,95.82506634682632
Weber University Corp.,1,134114123.82,1337,61,False,1.0754669743461769,1.0879758876647103,95.8210924313296
DistrictNational Agency Co.,1,220683422.51,2259,92,False,1.0722488414491655,1.087754760444467,95.80161713592071
Raptor Archer Therapeutics Group Inc.,1,913775643.2,9915,62,False,1.0640282235153458,1.087711103645707,95.79777215902678
Eagle District Services Co.,1,227876159.23,2369,92,False,1.0712869459780165,1.087255912221438,95.75768217170871
Fitzgerald Biotech Ltd.,1,65560441.1,667,62,False,1.07687162974368,1.0862295885507065,95.66729096319699
Keller Healthcare Pty Ltd.,1,68163483.47,645,62,True,1.070655527002786,1.085931535248582,95.64104057167992
Boston Entertainment Inc.,1,271357909.97,3019,71,False,1.0669598534632287,1.0851197309800409,95.56954268948054
Lyon Carriers SAS,1,95802416.86,943,48-49,True,1.0673133122804328,1.0850402953849498,95.56254657349501
CreativeMedia Media Holdings PLC,1,159922087.25,1610,71,True,1.0642900572745495,1.0849826368622204,95.55746842544177
CreativeLive Entertainment Co.,1,92180648.18,1004,71,False,1.0719316341350444,1.0843299192014921,95.49998174764926
Curitiba Development S.A.,1,67552930.08,731,23,False,1.0733781788926515,1.0841096019994234,95.48057779281626
Prism Verdant Hotels Corp.,1,2121719282.87,55415,72,False,1.0563596391910617,1.0840957215580358,95.47935530335462
Rossi Learning Co.,1,895536291.0,10767,61,False,1.0585282942187892,1.0840771041639403,95.47771561716242
Clarke Solutions Holdings PLC,1,9445560221.34,264247,56,False,1.047430357525734,1.0837757054365085,95.45117058464159
Sheffield Healthcare Holdings PLC,1,528264266.39,6274,62,False,1.0610517501363315,1.0837655758547986,95.45027844392752
Stuttgart Distribution SE,2,733412842.38,8169,44-45,True,1.0534689012462202,1.0835849443086338,95.43436971628263
Chen Schools Co. Ltd.,1,93267119.78,1045,61,False,1.0703404660683595,1.083354661177821,95.41408803411194
Citadel Store Retail AB,1,372760483.25,4423,44-45,False,1.0623317674633663,1.0833081862096625,95.40999485312314
Eriksson Health Holdings Inc.,1,436944048.87,4880,62,True,1.0551371754336838,1.0827628944974739,95.3619694803662
Kowalski Institute Inc.,1,396985015.86,4821,61,False,1.060849893352012,1.0825836808321865,95.34618562947284
Crawford Services Inc.,1,41929904.18,466,81,False,1.0735748115115231,1.0824796029210457,95.33701919549526
Silver Campus Learning Corp.,1,648788703.28,8106,61,False,1.0575815896697291,1.082277744501513,95.3192409574889
Baltimore Schools Group Inc.,1,553434085.65,7045,61,False,1.0571298129353077,1.081400999829568,95.24202359155127
Quartz Pacific Genomics SA,2,197106682.24,2426,62,False,1.0625856564754854,1.081128597171021,95.2180323242639
Azure Eclipse Sciences Inc.,1,132078710.36,1634,62,False,1.063713016113803,1.0803832785185046,95.1523900170186
Vertex Move Logistics Ltd.,1,143834171.27,1646,48-49,True,1.0577087046852722,1.0803446271889678,95.14898588585898
StructureConcrete Group Corp.,1,80308966.59,978,23,False,1.066314182071799,1.080225930367906,95.13853192342174
Houston Department Inc.,1,340623178.79,4398,92,False,1.0580664541042852,1.0802239258610646,95.13835538087378
Delta Discovery Education Holdings PLC,1,50631776.37,607,61,False,1.0687766687644258,1.0801088096414793,95.12821677206608
Flynn Pharmaceuticals Co. Ltd.,2,36253095.63,434,62,False,1.0700087866730639,1.079670029336323,95.08957215810531
Schneider Trading Group Inc.,2,233124942.7,2809,44-45,True,1.053239740827313,1.0792245761499528,95.05033984475264
Takahashi Retail Group Inc.,1,80941524.21,1017,44-45,False,1.0645844014899286,1.0791459440042004,95.04341449080717
TeamSupport Services Group Ltd.,1,301535934.86,4013,56,False,1.0568562768574854,1.0789952691830038,95.03014413607538
Indigo Bio MedTech Inc.,1,56095970.58,698,62,False,1.0663915469570875,1.0789591810061916,95.0269657489758
Bravo Choice Group Ltd.,1,641252810.46,8989,44-45,False,1.0514138072412433,1.0782381968860895,94.96346665235325
Cypress Aero Shipping Ltd.,1,43519617.07,511,48-49,True,1.0604586879638562,1.0777337061298335,94.9190347343907
Grenoble Learning SAS,1,55800268.52,729,61,False,1.0637573339259252,1.077253194526257,94.87671472775942
Kowalski Services AG,1,912563540.25,13411,92,False,1.047645545278979,1.0770827701228487,94.86170497184784
Lawson Commerce PLC,1,759921515.2,11205,44-45,False,1.048105143635943,1.0767117336381444,94.82902674643923
Redwood Citadel Agency Co.,1,433207264.76,6258,92,False,1.0511670253983945,1.0766423015884152,94.82291167079258
Boston Retail Holdings Inc.,1,293475203.68,3902,44-45,True,1.0471498565500448,1.0761147493225116,94.77644866089811
Delacroix Brands Holdings Inc.,1,271470360.97,3950,44-45,False,1.0524106553725467,1.075738110795676,94.74327704790348
Detroit Resources Co.,1,165984166.05,2181,56,True,1.049762321592856,1.075726991736679,94.7422977611454
Abbott Stores Holdings Inc.,1,70978518.59,982,44-45,False,1.0598115322973904,1.0756029354718613,94.73137177744248
Vista Cascade Staffing Co. Ltd.,1,1674195212.33,55562,56,False,1.0443142151397222,1.0753940324268634,94.71297309948382
Henderson Resources Group Inc.,1,142160459.57,1915,56,True,1.0489649766533367,1.0746441807017495,94.64693155180196
Amsterdam Services N.V.,1,6758190236.75,228627,56,True,1.0287736751892784,1.073796220752044,94.57224933720508
Phoenix Restaurants Co.,1,75798518.21,1126,72,False,1.0557369607018257,1.0732249379367935,94.52193485499532
Gallagher Staffing Ltd.,1,576231851.27,9593,56,False,1.0425752389093144,1.0721063979765981,94.4234218988451
Everest Sapphire Hospitality Inc.,1,517046041.79,8675,72,False,1.042535395335697,1.0716857436580094,94.38637369143524
Houston Management Inc.,1,38449985.56,542,56,True,1.0510278354809712,1.0712103080395767,94.34450074107347
Brooks Group Inc.,1,85108336.47,1364,72,False,1.051247161875724,1.070757083577298,94.30458398962288
Quantum Source Staffing Group Inc.,1,230957075.14,3919,56,False,1.0447260571793697,1.070175004843799,94.25331868056844
Meridian Crest Education Group PLC,1,168368637.62,2843,61,False,1.0460835089931642,1.0699046366242835,94.22950659204109
Quinn Academy Co. Ltd.,1,207857730.79,3553,61,False,1.044699255107304,1.069774514447045,94.2180463663928
Chen Staffing Group Inc.,1,37708958.69,566,56,True,1.0477285521767956,1.0690113947682889,94.15083627276543
Chandra Academy Group Inc.,1,127350208.19,2230,61,False,1.045105476791634,1.0682577935914335,94.08446450033689
LearnMentor Education Group N.V.,1,221886245.3,4513,61,False,1.035224573136903,1.0638633840250642,93.69743650641324
Quantum Bravo Schools Technologies Ltd.,1,158654569.62,3643,61,False,1.0299672180613522,1.0592347168868899,93.28977679013693
Tampa Group Inc.,1,88348930.43,2195,72,False,1.0278146358460623,1.0557316529592267,92.98125211030604
ResortWelcome Resorts Group Inc.,1,110821031.96,2850,72,False,1.025232443911428,1.0548651752114946,92.90493898122251
Eriksson Group Inc.,1,90882368.54,2694,72,False,1.0184785432782357,1.049756507359991,92.45500425385406
Ottawa Solutions Corp.,1,588367670.93,20229,56,False,1.0045274218095492,1.0472634639723053,92.23543492001568
ServiceLink Staffing Inc.,1,27180206.2,862,56,False,1.019011634892112,1.045805733230447,92.10704847897476
Talon Diamond Resources Holdings PLC,1,74179856.24,2710,56,False,1.0083266970502955,1.042406162661293,91.80763874992928
